CREATE DATABASE  IF NOT EXISTS `athletes_db` /*!40100 DEFAULT CHARACTER SET utf8mb3 */ /*!80016 DEFAULT ENCRYPTION='N' */;
USE `athletes_db`;
-- MySQL dump 10.13  Distrib 8.0.41, for Win64 (x86_64)
--
-- Host: localhost    Database: athletes_db
-- ------------------------------------------------------
-- Server version	8.0.41

/*!40101 SET @OLD_CHARACTER_SET_CLIENT=@@CHARACTER_SET_CLIENT */;
/*!40101 SET @OLD_CHARACTER_SET_RESULTS=@@CHARACTER_SET_RESULTS */;
/*!40101 SET @OLD_COLLATION_CONNECTION=@@COLLATION_CONNECTION */;
/*!50503 SET NAMES utf8 */;
/*!40103 SET @OLD_TIME_ZONE=@@TIME_ZONE */;
/*!40103 SET TIME_ZONE='+00:00' */;
/*!40014 SET @OLD_UNIQUE_CHECKS=@@UNIQUE_CHECKS, UNIQUE_CHECKS=0 */;
/*!40014 SET @OLD_FOREIGN_KEY_CHECKS=@@FOREIGN_KEY_CHECKS, FOREIGN_KEY_CHECKS=0 */;
/*!40101 SET @OLD_SQL_MODE=@@SQL_MODE, SQL_MODE='NO_AUTO_VALUE_ON_ZERO' */;
/*!40111 SET @OLD_SQL_NOTES=@@SQL_NOTES, SQL_NOTES=0 */;

--
-- Table structure for table `birth`
--

DROP TABLE IF EXISTS `birth`;
/*!40101 SET @saved_cs_client     = @@character_set_client */;
/*!50503 SET character_set_client = utf8mb4 */;
CREATE TABLE `birth` (
  `Birth_id` int NOT NULL AUTO_INCREMENT,
  `Birth_place` varchar(45) DEFAULT NULL,
  `Birth_country` varchar(45) DEFAULT NULL,
  PRIMARY KEY (`Birth_id`)
) ENGINE=InnoDB AUTO_INCREMENT=503 DEFAULT CHARSET=utf8mb3;
/*!40101 SET character_set_client = @saved_cs_client */;

--
-- Dumping data for table `birth`
--

LOCK TABLES `birth` WRITE;
/*!40000 ALTER TABLE `birth` DISABLE KEYS */;
INSERT INTO `birth` VALUES (1,'VIENNE','France'),(2,'TORREON','Mexico'),(3,'','Singapore'),(4,'SINGAPORE','Singapore'),(5,'VALENCIENNES','France'),(6,'RIO CUARTO, CORDOBA','Argentina'),(7,'LEON','Mexico'),(8,'SAN LUIS POTOSI','Mexico'),(9,'SANTA FE','Argentina'),(10,'MAJURO','Marshall Islands'),(11,'','Oman'),(12,'MAR DEL PLATA','Argentina'),(13,'TEXAS','United States'),(14,'KALINKAVICHY','Belarus'),(15,'MINSK','Belarus'),(16,'BREST','Belarus'),(17,'BLANTYRE','Malawi'),(18,'BELFAST','Great Britain'),(19,'BELFAST','Ireland'),(20,'','United States'),(21,'ORANJESTAD','Aruba'),(22,'ALABAMA','United States'),(23,'BIRMINGHAM','Great Britain'),(24,'GRANGE','Ireland'),(25,'TEMPLEOGUE','Ireland'),(26,'BANGOR','Great Britain'),(27,'MANIZA','Colombia'),(28,'LAS VEGAS, NV','United States'),(29,'BUCHAREST','Romania'),(30,'ST. CROIX','Virgin Islands, US'),(31,'','Great Britain'),(32,'QUANG BINH','Vietnam'),(33,'ASUNCION','Paraguay'),(34,'','Gambia'),(35,'BARNAUL','Russian Federation'),(36,'BENGALURU','India'),(37,'KARNATAKA','India'),(38,'BAYAMON','Puerto Rico'),(39,'LANCASTER, NY','United States'),(40,'','Micronesia'),(41,'','Malaysia'),(42,'MONACO','Monaco'),(43,'DREXEL HILL, PA','United States'),(44,'LA REINA','Chile'),(45,'SANTIAGO','Chile'),(46,'KABUL','Afghanistan'),(47,'RIVINE','Ukraine'),(48,'DONETSK','Ukraine'),(49,'','Ukraine'),(50,'DNIPRO','Ukraine'),(51,'DIJON','France'),(52,'','Albania'),(53,'OZOIR-LA-FERRIERE','France'),(54,'VELINGRAD','Bulgaria'),(55,'PLOVDIV','Bulgaria'),(56,'VELIKO TURNOVO','Bulgaria'),(57,'','Maldives'),(58,'ULAANBAATAR','Mongolia'),(59,'LINZ','Austria'),(60,'STEYR','Austria'),(61,'AMMAN','Jordan'),(62,'TAN LAP, TAN THANH','Vietnam'),(63,'LUXEMBOURG','Luxembourg'),(64,'BISHKEK','Kyrgyzstan'),(65,'NEWTOWNFORBES','Ireland'),(66,'VALLENTUNA','Sweden'),(67,'V?STRA FR?LUNDA','Sweden'),(68,'MALMO','Sweden'),(69,'BARKARBY','Sweden'),(70,'HELSINGBORG','Sweden'),(71,'LEKSAND','Sweden'),(72,'KUNGSBACKA','Sweden'),(73,'CELLE','Germany'),(74,'RONNINGE','Sweden'),(75,'SKENE','Sweden'),(76,'?NGELHOM','Sweden'),(77,'TARNOWIEC','Poland'),(78,'LODZ','Poland'),(79,'KALISZ','Poland'),(80,'LUBLIN','Poland'),(81,'OLESNICA','Poland'),(82,'KRAKOW','Poland'),(83,'CHORZOW','Poland'),(84,'WARSAW','Poland'),(85,'LEGNICA','Poland'),(86,'DZIERZONIOW','Poland'),(87,'MOMBASA','Kenya'),(88,'','Kenya'),(89,'TAIPEI CITY','Chinese Taipei'),(90,'BURSA','Turkiye'),(91,'ISTANBUL','Turkiye'),(92,'TIRASPOL','Republic of Moldova'),(93,'CHISINAU','Republic of Moldova'),(94,'ALEXANDRIA','Egypt'),(95,'KANAGAWA','Japan'),(96,'MUNAKATA','Japan'),(97,'TOKYO','Japan'),(98,'IBARAKI','Japan'),(99,'SAKAIDE CITY','Japan'),(100,'FUKUOKA','Japan'),(101,'KYOTO','Japan'),(102,'TAKARAZUKA','Japan'),(103,'OSAKA','Japan'),(104,'HIKONE','Japan'),(105,'KASHIHARA CITY, NARA','Japan'),(106,'YOKOHAMA','Japan'),(107,'MOOKA','Japan'),(108,'FUKUSHIMA','Japan'),(109,'OITA','Japan'),(110,'IRUMA','Japan'),(111,'HELLERUP','Denmark'),(112,'HOLSTEBRO','Denmark'),(113,'HVIDOVRE, HOVEDSTADEN','Denmark'),(114,'TARNBY','Denmark'),(115,'TAASTRUP','Denmark'),(116,'COPENHAGEN','Denmark'),(117,'BIRKEROD','Denmark'),(118,'','Syria'),(119,'TEHRAN','IR Iran'),(120,'PRAGUE','Czechia'),(121,'OSTRAVA','Czechia'),(122,'NAMUR','Belgium'),(123,'LIEGE','Belgium'),(124,'DOHA','Qatar'),(125,'','Bangladesh'),(126,'VENICE, CA','United States'),(127,'MITZPE AVIV','Israel'),(128,'NEWPORT BEACH, CA','United States'),(129,'KIRYAT MOTZKIN','Israel'),(130,'HAIFA','Israel'),(131,'ASHDOD','Israel'),(132,'RA\'ANANA','Israel'),(133,'HOD HASHARON','Israel'),(134,'JERUSALEM','Israel'),(135,'HAMILTON','Bermuda'),(136,'SUWON','Korea'),(137,'GWANGJU','Korea'),(138,'SEOUL','Korea'),(139,'','Korea'),(140,'ANYANG','Korea'),(141,'','Kyrgyzstan'),(142,'BUDAPEST','Hungary'),(143,'EGER','Hungary'),(144,'PECS','Hungary'),(145,'BIRKENHEAD','Great Britain'),(146,'BICESTER','Great Britain'),(147,'KIRKCALDY','Great Britain'),(148,'LONDON','Great Britain'),(149,'CREWE','Great Britain'),(150,'BURY','Great Britain'),(151,'PORTHMADOG','Great Britain'),(152,'MELROSE','Great Britain'),(153,'CHORLEY','Great Britain'),(154,'NEATH','Great Britain'),(155,'PONTEFRACT','Great Britain'),(156,'EDINBURGH','Great Britain'),(157,'SEVENOAKS','Great Britain'),(158,'WORCESTER','Great Britain'),(159,'GLASGOW','Great Britain'),(160,'ALFRETON','Great Britain'),(161,'BUXTON','Great Britain'),(162,'DEBRECEN','Hungary'),(163,'TELKI','Hungary'),(164,'SIOFOK','Hungary'),(165,'SZEGED','Hungary'),(166,'BERLIN','Germany'),(167,'FRANKFURT AM MAIN','Germany'),(168,'HALLE','Germany'),(169,'DESSAU','Germany'),(170,'ESSEN','Germany'),(171,'DERNBACH','Germany'),(172,'HAMBURG','Germany'),(173,'HEIDELBERG','Germany'),(174,'LANGEN','Germany'),(175,'MAGDEBURG','Germany'),(176,'WEINHAM','Germany'),(177,'KONSTANZ','Germany'),(178,'GREVENBROICH','Germany'),(179,'SCHWEDT','Germany'),(180,'KRASNOYARSK','Russian Federation'),(181,'ERKELENZ','Germany'),(182,'MIAMI BEACH, FL','United States'),(183,'CARACUS','Venezuela'),(184,'','Pakistan'),(185,'MILAN','Italy'),(186,'SZEKESFEHERVAR','Hungary'),(187,'YEKATERINBURG','Russian Federation'),(188,'ENGHIEN-LES-BAINS','France'),(189,'MARSEILLE','France'),(190,'AMIENS','France'),(191,'COLMAR','France'),(192,'VILLENEUVE-D\'ASCQ','France'),(193,'CHAMPIGNY-SUR-MARNE','France'),(194,'AUCHEL','France'),(195,'HAUTES PYRENEES','France'),(196,'NOUMEA, NEW CALEDONIA','France'),(197,'BORDEAUX','France'),(198,'SARREGUEMINES','France'),(199,'LILLE','France'),(200,'SAINT-GERMAIN-EN-LAYE','France'),(201,'CANNES','France'),(202,'HOUSTON, TX','United States'),(203,'NOUMEA','France'),(204,'LE CHESNAY','France'),(205,'OLLIOULES','France'),(206,'QUIMPER','France'),(207,'VILLEURBANNE','France'),(208,'TOULOUSE','France'),(209,'CHAMBERY','France'),(210,'PARIS','France'),(211,'AIX EN PROVENCE','France'),(212,'EVREUX','France'),(213,'BOULOGNE-BILLANCOURT','France'),(214,'POITIERS','France'),(215,'MIKKELI','Finland'),(216,'PORI','Finland'),(217,'HODMEZOVASARHELY','Hungary'),(218,'SZOLNOK','Hungary'),(219,'CARACAS','Venezuela'),(220,'BRATISLAVA','Slovakia'),(221,'POPRAD','Slovakia'),(222,'SANTA CLARITA, CA','United States'),(223,'HOUTHALEN-HELCHTEREN','Belgium'),(224,'YEREVAN','Armenia'),(225,'ANTANANARIVO','Madagascar'),(226,'KINGSTON','Jamaica'),(227,'TARTU','Estonia'),(228,'BLACKSBURG, VA','United States'),(229,'HONG KONG CHINA','Hong Kong, China'),(230,'HONG KONG','Hong Kong, China'),(231,'ROME','Italy'),(232,'VARESE','Italy'),(233,'CITTADELLA','Italy'),(234,'THIENE','Italy'),(235,'TURIN','Italy'),(236,'LAVAGNA','Italy'),(237,'TARANTO','Italy'),(238,'LIVORNO','Italy'),(239,'FLORENCE','Italy'),(240,'PIACENZA','Italy'),(241,'BARI','Italy'),(242,'BRESCIA','Italy'),(243,'JESI','Italy'),(244,'UDINE','Italy'),(245,'TORINO','Italy'),(246,'POGGIBONSI','Italy'),(247,'BOLOGNA','Italy'),(248,'SAVIGLIANO','Italy'),(249,'MONCALIERI','Italy'),(250,'REGGIO NELL\'EMILIA','Italy'),(251,'MONTEBELLUNA','Italy'),(252,'BACOLI','Italy'),(253,'CORATO','Italy'),(254,'BAGNO A RIPOLI','Italy'),(255,'BOSTON, MA','United States'),(256,'SAN PEDRO SULA','Honduras'),(257,'BANGKOK','Thailand'),(258,'ZAGREB','Croatia'),(259,'','Croatia'),(260,'KUWAIT CITY','Kuwait'),(261,'','Iceland'),(262,'REYKJAVIK','Iceland'),(263,'SANTA CRUZ DE LA SIERRA','Bolivia'),(264,'GELEPHU','Bhutan'),(265,'JAKARTA','Indonesia'),(266,'SUNDVALL','Sweden'),(267,'VALENCIA, CA','United States'),(268,'MENDHAM, NJ','United States'),(269,'DOVER, OH','United States'),(270,'WASHINGTON, DC','United States'),(271,'MISSOULA, MT','United States'),(272,'MODESTO, CA','United States'),(273,'SAN DIEGO, CA','United States'),(274,'ATLANTA, GA','United States'),(275,'NEW YORK, NY','United States'),(276,'GREEN COVE SPRINGS, FL','United States'),(277,'WARREN, NJ','United States'),(278,'MORRISTOWN, NJ','United States'),(279,'TAMPA, FL','United States'),(280,'CINCINATTI, OH','United States'),(281,'NEWARK, DE','United States'),(282,'DOUGLASSVILLE, PA','United States'),(283,'CHARLOTTESVILLE, VA','United States'),(284,'SPRINGFIELD, IL','United States'),(285,'RENO, NV','United States'),(286,'FAIRFAX, VA','United States'),(287,'DALLAS, TX','United States'),(288,'GILBERT, AZ','United States'),(289,'BALTIMORE, MD','United States'),(290,'INDIANAPOLIS, IN','United States'),(291,'EVANSVILLE, IN','United States'),(292,'EXETER, NH','United States'),(293,'MOBILE, AL','United States'),(294,'SUGAR LAND, TX','United States'),(295,'PITTSBURGH, PA','United States'),(296,'PALOS HEIGHTS, IL','United States'),(297,'GERMANTOWN HILLS, IL','United States'),(298,'VALPARAISO, IN','United States'),(299,'MISSION VIEJO, CA','United States'),(300,'SYDNEY, NSW','Australia'),(301,'LAKEVILLE, MN','United States'),(302,'RICHMOND, VA','United States'),(303,'SACRAMENTO, CA','United States'),(304,'NASHVILLE, TN','United States'),(305,'DENVER, CO','United States'),(306,'SARASOTA, FL','United States'),(307,'NOBLESVILLE, IN','United States'),(308,'SAVANETA','Aruba'),(309,'MOSTAR','Bosnia & Herzegovina'),(310,'BOTTROP','Germany'),(311,'DUNEDIN','New Zealand'),(312,'HAMILTON','New Zealand'),(313,'CHRISTCHURCH','New Zealand'),(314,'AUCKLAND','New Zealand'),(315,'PALMERSTON NORTH','New Zealand'),(316,'SOUTHEND','Great Britain'),(317,'WELLINGTON','New Zealand'),(318,'WILTZ','Luxembourg'),(319,'LOS ANGELES, CA','United States'),(320,'LIMA','Peru'),(321,'XUZHOU','China'),(322,'YICHANG','China'),(323,'','China'),(324,'WENZHOU','China'),(325,'JIAOZUO','China'),(326,'SHENZHEN','China'),(327,'YANTAI','China'),(328,'HANGZHOU','China'),(329,'ZIBO','China'),(330,'QUZHOU, ZHEJIANG','China'),(331,'MACHENG, HUBEI','China'),(332,'BAODING, HEBEI','China'),(333,'SHANDONG','China'),(334,'NINGBO','China'),(335,'SHANGHAI','China'),(336,'NANCHANG, JIANGXI','China'),(337,'SHAOXING','China'),(338,'FUJIAN','China'),(339,'ANHUI','China'),(340,'ANREN TOWN, LONGQUAN CITY','China'),(341,'CHANGCHUN CITY','China'),(342,'JINGDEZHEN','China'),(343,'CAMPSIE, NSW','Australia'),(344,'SOUTHPORT, QLD','Australia'),(345,'LAUNCESTON, TAS','Australia'),(346,'HERSTON, QLD','Australia'),(347,'KANWAL, NSW','Australia'),(348,'FIGTREE, QLD','Australia'),(349,'PERTH, WA','Australia'),(350,'BENOWA, QLD','Australia'),(351,'GOLD COAST, QLD','Australia'),(352,'SOUTH BRISBANE, QLD','Australia'),(353,'IPSWICH, QLD','Australia'),(354,'WOLLONGONG, NSW','Australia'),(355,'MURDOCH, WA','Australia'),(356,'DUNCRAIG, WA','Australia'),(357,'BUNDABERG, QLD','Australia'),(358,'BRISBANE, QLD','Australia'),(359,'AUCHENFLOWER, QLD','Australia'),(360,'SUNSHINE COAST, QLD','Australia'),(361,'SANDTON','South Africa'),(362,'BENDIGO, VIC','Australia'),(363,'BANDAR SERI BEGAWAN','Brunei Darussalam'),(364,'REDCLIFFE, QLD','Australia'),(365,'ADELAIDE, SA','Australia'),(366,'BUNDOORA, VIC','Australia'),(367,'','Australia'),(368,'WODONGA, VIC','Australia'),(369,'SOUTH BRISBANE','Australia'),(370,'MOUNT WAVERLEY, VIC','Australia'),(371,'SUNNYBANK, QLD','Australia'),(372,'CLAYTON, VIC','Australia'),(373,'MOUNT LAWLEY, WA','Australia'),(374,'RIGA','Latvia'),(375,'CATANZARO','Italy'),(376,'PANCEVO','Serbia'),(377,'ZRENJANIN','Serbia'),(378,'SUBOTICA','Serbia'),(379,'ZRENJAN','Serbia'),(380,'ABU DHABI','UA Emirates'),(381,'PANEVEZYS','Lithuania'),(382,'KAUNAS','Lithuania'),(383,'VILA NOVA DE POIARES','Portugal'),(384,'COIMBRA','Portugal'),(385,'PORTIMAO','Portugal'),(386,'GUIMARES','Portugal'),(387,'VILNIUS','Lithuania'),(388,'FREISING','Germany'),(389,'SAO PAULO','Brazil'),(390,'','Saudi Arabia'),(391,'SALVADOR','Brazil'),(392,'BELO HORIZONTE','Brazil'),(393,'RIBEIRAO PRETO','Brazil'),(394,'GUARULHOS','Brazil'),(395,'ITU','Brazil'),(396,'RIO DE JANEIRO','Brazil'),(397,'AMERICANA','Brazil'),(398,'SAO PAOLO','Brazil'),(399,'ATHENS','Greece'),(400,'KHANIA','Greece'),(401,'PATRAS','Greece'),(402,'SERRES','Greece'),(403,'CHALKIDA','Greece'),(404,'CHOLARGOS','Greece'),(405,'CHANIA','Greece'),(406,'','Greece'),(407,'ALEXANDROUPOLIS','Greece'),(408,'DAIMIEL','Spain'),(409,'SABADELL','Spain'),(410,'LLEIDA','Spain'),(411,'HERVAS','Spain'),(412,'TARRAGONA','Spain'),(413,'MADRID','Spain'),(414,'PALMA','Spain'),(415,'ZARAGOZA','Spain'),(416,'CORVERA','Spain'),(417,'PALMA DE MALLORCA','Spain'),(418,'ELDA','Spain'),(419,'BARCELONA','Spain'),(420,'','Spain'),(421,'COOS BAY, OR','United States'),(422,'UTTOXETER','Great Britain'),(423,'DUBAI','UA Emirates'),(424,'KNYSNA','South Africa'),(425,'PIETERMARITZBURG','South Africa'),(426,'PRETORIA','South Africa'),(427,'CAPE TOWN','South Africa'),(428,'DURDEN','South Africa'),(429,'DURBAN','South Africa'),(430,'JOHANNESBURG','South Africa'),(431,'BLOEMFONTEIN','South Africa'),(432,'YOKKAICHI','Japan'),(433,'KARIYA','Japan'),(434,'UTSUNOMIYA CITY','Japan'),(435,'IMARI','Japan'),(436,'WICHITA, KS','United States'),(437,'PANAMA CITY','Panama'),(438,'','Panama'),(439,'JIUJIANG, JIANGXI','China'),(440,'MONTREAL, QC','Canada'),(441,'EDMONTON, AB','Canada'),(442,'SCARBOROUGH, ON','Canada'),(443,'LEEDS','Great Britain'),(444,'SCARBOROUGH, ONTARIO','Canada'),(445,'NORWALK, CT','United States'),(446,'KELOWNA, BC','Canada'),(447,'REGINA, SK','Canada'),(448,'TROIS-RIVIERES, QC','Canada'),(449,'OTTAWA, ON','Canada'),(450,'BURLINGTON, ON','Canada'),(451,'WINDSOR, ON','Canada'),(452,'DUNEDIN, FL','United States'),(453,'RED DEER, AB','Canada'),(454,'CALGARY, AB','Canada'),(455,'GUELPH, ON','Canada'),(456,'TORONTO, ON','Canada'),(457,'MONCTON, NB','Canada'),(458,'SASKATOON, SK','Canada'),(459,'LETHBRIDGE, AB','Canada'),(460,'BEACONSFIELD, QC','Canada'),(461,'SHAKOPEE, MN','United States'),(462,'','Thailand'),(463,'MIAMI, FL','United States'),(464,'','Sri Lanka'),(465,'LIMASSOL','Cyprus'),(466,'','Netherlands'),(467,'VEGHEL','Netherlands'),(468,'DORDRECHT','Netherlands'),(469,'OOSTERWOLDE','Netherlands'),(470,'VLAARDINGEN','Netherlands'),(471,'DELFT','Netherlands'),(472,'BODEGRAVEN','Netherlands'),(473,'AMSTELVEEN','Netherlands'),(474,'SNEEK','Netherlands'),(475,'SANTA CRUZ, CA','United States'),(476,'KATWIJK AAN ZEE','Netherlands'),(477,'PARAMARIBO','Suriname'),(478,'HAAREN','Netherlands'),(479,'','Nepal'),(480,'LUTRY','Switzerland'),(481,'BERN','Switzerland'),(482,'GENEVA','Switzerland'),(483,'FRAUENFELD','Switzerland'),(484,'','Lebanon'),(485,'ZURICH','Switzerland'),(486,'LOCARNO','Switzerland'),(487,'RAVNE NA KORO?KEM','Slovenia'),(488,'KRANJ','Slovenia'),(489,'AKRON, OH','United States'),(490,'VALDAGNO','Italy'),(491,'CAMBRIDGE','Great Britain'),(492,'SPLIT','Croatia'),(493,'CANOAS','Brazil'),(494,'ASHTON, ON','Canada'),(495,'TASHKENT','Uzbekistan'),(496,'BUSAN','Korea'),(497,'TERRE HAUTE, IN','United States'),(498,'MONTERREY','Mexico'),(499,'PALM BEACH, FL','United States'),(500,'KRYVYI RIH','Ukraine'),(501,'CHINESE TAIPEI','Chinese Taipei'),(502,'ST. PETERSBURG','Russian Federation');
/*!40000 ALTER TABLE `birth` ENABLE KEYS */;
UNLOCK TABLES;

--
-- Table structure for table `countries`
--

DROP TABLE IF EXISTS `countries`;
/*!40101 SET @saved_cs_client     = @@character_set_client */;
/*!50503 SET character_set_client = utf8mb4 */;
CREATE TABLE `countries` (
  `Countries_id` int NOT NULL AUTO_INCREMENT,
  `Country_code` varchar(45) DEFAULT NULL,
  `Country` varchar(45) DEFAULT NULL,
  `Country_long` varchar(45) DEFAULT NULL,
  PRIMARY KEY (`Countries_id`)
) ENGINE=InnoDB AUTO_INCREMENT=190 DEFAULT CHARSET=utf8mb3;
/*!40101 SET character_set_client = @saved_cs_client */;

--
-- Dumping data for table `countries`
--

LOCK TABLES `countries` WRITE;
/*!40000 ALTER TABLE `countries` DISABLE KEYS */;
INSERT INTO `countries` VALUES (1,'COM','Comoros','Comoros'),(2,'DJI','Djibouti','Djibouti'),(3,'MEX','Mexico','Mexico'),(4,'IRI','IR Iran','Islamic Republic of Iran'),(5,'SGP','Singapore','Singapore'),(6,'MTN','Mauritania','Mauritania'),(7,'GAB','Gabon','Gabon'),(8,'CGO','Congo','Congo'),(9,'ARG','Argentina','Argentina'),(10,'MHL','Marshall Islands','Marshall Islands'),(11,'OMA','Oman','Oman'),(12,'LCA','Saint Lucia','Saint Lucia'),(13,'CAY','Cayman Islands','Cayman Islands'),(14,'AIN','AIN','AIN'),(15,'VIN','StVincent&Grenadines','St Vincent and the Grenadines'),(16,'MAW','Malawi','Malawi'),(17,'GUY','Guyana','Guyana'),(18,'IRL','Ireland','Ireland'),(19,'BER','Bermuda','Bermuda'),(20,'ARU','Aruba','Aruba'),(21,'TJK','Tajikistan','Tajikistan'),(22,'CUB','Cuba','Cuba'),(23,'TLS','Timor-Leste','Democratic Republic of Timor-Leste'),(24,'YEM','Yemen','Yemen'),(25,'VAN','Vanuatu','Vanuatu'),(26,'BAN','Bangladesh','Bangladesh'),(27,'BRN','Bahrain','Bahrain'),(28,'COL','Colombia','Colombia'),(29,'ROU','Romania','Romania'),(30,'SWZ','Eswatini','Eswatini'),(31,'ISV','Virgin Islands, US','Virgin Islands, US'),(32,'GAM','Gambia','Gambia'),(33,'TKM','Turkmenistan','Turkmenistan'),(34,'VIE','Vietnam','Vietnam'),(35,'PAR','Paraguay','Paraguay'),(36,'UZB','Uzbekistan','Uzbekistan'),(37,'IND','India','India'),(38,'CRC','Costa Rica','Costa Rica'),(39,'PUR','Puerto Rico','Puerto Rico'),(40,'FSM','Micronesia','Federated States of Micronesia'),(41,'MAS','Malaysia','Malaysia'),(42,'GRN','Grenada','Grenada'),(43,'KOS','Kosovo','Kosovo'),(44,'SEY','Seychelles','Seychelles'),(45,'MOZ','Mozambique','Mozambique'),(46,'MON','Monaco','Monaco'),(47,'CHI','Chile','Chile'),(48,'ANT','Antigua and Barbuda','Antigua and Barbuda'),(49,'LBA','Libya','Libya'),(50,'AFG','Afghanistan','Afghanistan'),(51,'UKR','Ukraine','Ukraine'),(52,'MLI','Mali','Mali'),(53,'FIJ','Fiji','Fiji'),(54,'BAR','Barbados','Barbados'),(55,'ALB','Albania','Albania'),(56,'MAR','Morocco','Morocco'),(57,'BUL','Bulgaria','Bulgaria'),(58,'CPV','Cabo Verde','Cabo Verde'),(59,'MDV','Maldives','Maldives'),(60,'MGL','Mongolia','Mongolia'),(61,'NGR','Nigeria','Nigeria'),(62,'AUT','Austria','Austria'),(63,'SUR','Suriname','Suriname'),(64,'JOR','Jordan','Jordan'),(65,'PLW','Palau','Palau'),(66,'GEO','Georgia','Georgia'),(67,'LUX','Luxembourg','Luxembourg'),(68,'ESA','El Salvador','El Salvador'),(69,'KGZ','Kyrgyzstan','Kyrgyzstan'),(70,'SUD','Sudan','Sudan'),(71,'SWE','Sweden','Sweden'),(72,'COK','Cook Islands','Cook Islands'),(73,'NOR','Norway','Norway'),(74,'POL','Poland','Poland'),(75,'KEN','Kenya','Kenya'),(76,'TPE','Chinese Taipei','Chinese Taipei'),(77,'TUR','Turkiye','Turkiye'),(78,'MDA','Republic of Moldova','Republic of Moldova'),(79,'BUR','Burkina Faso','Burkina Faso'),(80,'EGY','Egypt','Egypt'),(81,'JPN','Japan','Japan'),(82,'MNE','Montenegro','Montenegro'),(83,'SMR','San Marino','San Marino'),(84,'DEN','Denmark','Denmark'),(85,'EOR','EOR','Refugee Olympic Team'),(86,'CZE','Czechia','Czechia'),(87,'BEL','Belgium','Belgium'),(88,'QAT','Qatar','Qatar'),(89,'ISR','Israel','Israel'),(90,'SLE','Sierra Leone','Sierra Leone'),(91,'KOR','Korea','Republic of Korea'),(92,'HUN','Hungary','Hungary'),(93,'GBR','Great Britain','Great Britain'),(94,'ANG','Angola','Angola'),(95,'GER','Germany','Germany'),(96,'BAH','Bahamas','Bahamas'),(97,'VEN','Venezuela','Venezuela'),(98,'NIG','Niger','Niger'),(99,'BRU','Brunei Darussalam','Brunei Darussalam'),(100,'TAN','Tanzania','United Republic of Tanzania'),(101,'PAK','Pakistan','Pakistan'),(102,'MRI','Mauritius','Mauritius'),(103,'FRA','France','France'),(104,'FIN','Finland','Finland'),(105,'BEN','Benin','Benin'),(106,'SVK','Slovakia','Slovakia'),(107,'URU','Uruguay','Uruguay'),(108,'TTO','Trinidad and Tobago','Trinidad and Tobago'),(109,'ARM','Armenia','Armenia'),(110,'DMA','Dominica','Dominica'),(111,'MAD','Madagascar','Madagascar'),(112,'JAM','Jamaica','Jamaica'),(113,'EST','Estonia','Estonia'),(114,'HKG','Hong Kong, China','Hong Kong, China'),(115,'ITA','Italy','Italy'),(116,'HON','Honduras','Honduras'),(117,'ZAM','Zambia','Zambia'),(118,'THA','Thailand','Thailand'),(119,'CRO','Croatia','Croatia'),(120,'KUW','Kuwait','Kuwait'),(121,'ISL','Iceland','Iceland'),(122,'CAF','Centr Afric Re','Central African Republic'),(123,'BOL','Bolivia','Bolivia'),(124,'HAI','Haiti','Haiti'),(125,'BHU','Bhutan','Bhutan'),(126,'INA','Indonesia','Indonesia'),(127,'ZIM','Zimbabwe','Zimbabwe'),(128,'ETH','Ethiopia','Ethiopia'),(129,'KAZ','Kazakhstan','Kazakhstan'),(130,'UGA','Uganda','Uganda'),(131,'USA','United States','United States of America'),(132,'PNG','Papua New Guinea','Papua New Guinea'),(133,'BIH','Bosnia & Herzegovina','Bosnia and Herzegovina'),(134,'ERI','Eritrea','Eritrea'),(135,'NZL','New Zealand','New Zealand'),(136,'MLT','Malta','Malta'),(137,'DOM','Dominican Republic','Dominican Republic'),(138,'PER','Peru','Peru'),(139,'TGA','Tonga','Tonga'),(140,'CHN','China','People\'s Republic of China'),(141,'AUS','Australia','Australia'),(142,'LAT','Latvia','Latvia'),(143,'SRB','Serbia','Serbia'),(144,'LTU','Lithuania','Lithuania'),(145,'POR','Portugal','Portugal'),(146,'GEQ','Equatorial Guinea','Equatorial Guinea'),(147,'CMR','Cameroon','Cameroon'),(148,'NCA','Nicaragua','Nicaragua'),(149,'SKN','St Kitts and Nevis','Saint Kitts and Nevis'),(150,'BRA','Brazil','Brazil'),(151,'PLE','Palestine','Palestine'),(152,'GUA','Guatemala','Guatemala'),(153,'GRE','Greece','Greece'),(154,'ESP','Spain','Spain'),(155,'ASA','American Samoa','American Samoa'),(156,'KSA','Saudi Arabia','Saudi Arabia'),(157,'CAM','Cambodia','Cambodia'),(158,'UAE','UA Emirates','United Arab Emirates'),(159,'RSA','South Africa','South Africa'),(160,'SEN','Senegal','Senegal'),(161,'GHA','Ghana','Ghana'),(162,'ALG','Algeria','Algeria'),(163,'MKD','North Macedonia','North Macedonia'),(164,'LAO','Lao PDR','Lao People\'s Democratic Republic'),(165,'PAN','Panama','Panama'),(166,'GBS','Guinea-Bissau','Guinea-Bissau'),(167,'TOG','Togo','Togo'),(168,'SAM','Samoa','Samoa'),(169,'COD','DR Congo','Democratic Republic of the Congo'),(170,'IRQ','Iraq','Iraq'),(171,'CAN','Canada','Canada'),(172,'ECU','Ecuador','Ecuador'),(173,'NEP','Nepal','Nepal'),(174,'SRI','Sri Lanka','Sri Lanka'),(175,'CYP','Cyprus','Cyprus'),(176,'AZE','Azerbaijan','Azerbaijan'),(177,'NED','Netherlands','Netherlands'),(178,'BOT','Botswana','Botswana'),(179,'PHI','Philippines','Philippines'),(180,'SUI','Switzerland','Switzerland'),(181,'SYR','Syria','Syrian Arab Republic'),(182,'LBN','Lebanon','Lebanon'),(183,'RWA','Rwanda','Rwanda'),(184,'BDI','Burundi','Burundi'),(185,'SLO','Slovenia','Slovenia'),(186,'TUN','Tunisia','Tunisia'),(187,'GUI','Guinea','Guinea'),(188,'MYA','Myanmar','Myanmar'),(189,'SOL','Solomon Islands','Solomon Islands');
/*!40000 ALTER TABLE `countries` ENABLE KEYS */;
UNLOCK TABLES;

--
-- Table structure for table `events`
--

DROP TABLE IF EXISTS `events`;
/*!40101 SET @saved_cs_client     = @@character_set_client */;
/*!50503 SET character_set_client = utf8mb4 */;
CREATE TABLE `events` (
  `Event_id` int NOT NULL AUTO_INCREMENT,
  `Event` varchar(45) DEFAULT NULL,
  PRIMARY KEY (`Event_id`)
) ENGINE=InnoDB AUTO_INCREMENT=67 DEFAULT CHARSET=utf8mb3;
/*!40101 SET character_set_client = @saved_cs_client */;

--
-- Dumping data for table `events`
--

LOCK TABLES `events` WRITE;
/*!40000 ALTER TABLE `events` DISABLE KEYS */;
INSERT INTO `events` VALUES (1,'Women\'s 50m Freestyle'),(2,'Men\'s 50m Freestyle'),(3,'Men\'s 100m Breaststroke'),(4,'Men\'s 100m Freestyle'),(5,'Women\'s 100m Breaststroke'),(6,'Women\'s 100m Backstroke'),(7,'Women\'s 400m Freestyle'),(8,'Men\'s 100m Backstroke'),(9,'Men\'s 400m Freestyle'),(10,'Women\'s 100m Freestyle'),(11,'Women\'s 4 x 100m Freestyle Relay'),(12,'Men\'s 4 x 100m Medley Relay'),(13,'Women\'s 200m Freestyle'),(14,'Men\'s 1500m Freestyle'),(15,'Women\'s 4 x 100m Medley Relay'),(16,'Men\'s 100m Butterfly'),(17,'Men\'s 200m Breaststroke'),(18,'Women\'s 100m Butterfly'),(19,'Men\'s 200m Individual Medley'),(20,'Women\'s 200m Butterfly'),(21,'Women\'s 200m Individual Medley'),(22,'Men\'s 800m Freestyle'),(23,'Women\'s 1500m Freestyle'),(24,'Men\'s 200m Butterfly'),(25,'Men\'s 200m Backstroke'),(26,'Men\'s 4 x 100m Freestyle Relay'),(27,'Relay Only Athlete\''),(28,'Women\'s 200m Backstroke'),(29,'Women\'s 4 x 200m Freestyle Relay'),(30,'Men\'s 4 x 200m Freestyle Relay'),(31,'Women\'s 400m Individual Medley'),(32,'Women\'s 200m Breaststroke'),(33,'Men\'s 200m Freestyle'),(34,'Men\'s 400m Individual Medley'),(35,'Women\'s 800m Freestyle'),(36,' Men\'s 200m Breaststroke'),(37,' Women\'s 200m Breaststroke'),(38,' Men\'s 50m Freestyle'),(39,' Men\'s 200m Freestyle'),(40,' Women\'s 800m Freestyle'),(41,' Women\'s 200m Backstroke'),(42,' \'Relay Only Athlete\''),(43,' Women\'s 200m Individual Medley'),(44,' Women\'s 4 x 100m Medley Relay'),(45,' Men\'s 800m Freestyle'),(46,' Women\'s 4 x 100m Freestyle Relay'),(47,' Men\'s 200m Backstroke'),(48,' Men\'s 400m Freestyle'),(49,' Men\'s 4 x 100m Medley Relay'),(50,' Men\'s 100m Breaststroke'),(51,' Women\'s 100m Butterfly'),(52,' \'Mixed 4 x 100m Medley Relay\''),(53,' Men\'s 4 x 100m Freestyle Relay'),(54,' Men\'s 100m Freestyle'),(55,' Women\'s 50m Freestyle'),(56,' Men\'s 200m Butterfly'),(57,' Men\'s 200m Individual Medley'),(58,' Women\'s 4 x 200m Freestyle Relay'),(59,' Men\'s 400m Individual Medley'),(60,' Women\'s 200m Butterfly'),(61,' Women\'s 100m Freestyle'),(62,' Women\'s 400m Freestyle'),(63,' Women\'s 400m Individual Medley'),(64,' Men\'s 4 x 200m Freestyle Relay'),(65,' Men\'s 100m Butterfly'),(66,' Women\'s 200m Freestyle');
/*!40000 ALTER TABLE `events` ENABLE KEYS */;
UNLOCK TABLES;

--
-- Table structure for table `gender`
--

DROP TABLE IF EXISTS `gender`;
/*!40101 SET @saved_cs_client     = @@character_set_client */;
/*!50503 SET character_set_client = utf8mb4 */;
CREATE TABLE `gender` (
  `Gender_id` int NOT NULL AUTO_INCREMENT,
  `Gender` varchar(45) DEFAULT NULL,
  PRIMARY KEY (`Gender_id`)
) ENGINE=InnoDB AUTO_INCREMENT=3 DEFAULT CHARSET=utf8mb3;
/*!40101 SET character_set_client = @saved_cs_client */;

--
-- Dumping data for table `gender`
--

LOCK TABLES `gender` WRITE;
/*!40000 ALTER TABLE `gender` DISABLE KEYS */;
INSERT INTO `gender` VALUES (1,'Female'),(2,'Male');
/*!40000 ALTER TABLE `gender` ENABLE KEYS */;
UNLOCK TABLES;

--
-- Table structure for table `information`
--

DROP TABLE IF EXISTS `information`;
/*!40101 SET @saved_cs_client     = @@character_set_client */;
/*!50503 SET character_set_client = utf8mb4 */;
CREATE TABLE `information` (
  `Information_id` int NOT NULL AUTO_INCREMENT,
  `First_Name` varchar(45) DEFAULT NULL,
  `Last_Name` varchar(45) DEFAULT NULL,
  `Nick_Name` text,
  `Birth_date` date DEFAULT NULL,
  `Gender_id` int NOT NULL,
  `Countries_id` int NOT NULL,
  `Birth_id` int DEFAULT NULL,
  PRIMARY KEY (`Information_id`),
  KEY `fk_Information_Gender1_idx` (`Gender_id`),
  KEY `fk_Information_Countries1_idx` (`Countries_id`),
  KEY `fk_Information_Birth1_idx` (`Birth_id`),
  CONSTRAINT `fk_Information_Birth1` FOREIGN KEY (`Birth_id`) REFERENCES `birth` (`Birth_id`),
  CONSTRAINT `fk_Information_Countries1` FOREIGN KEY (`Countries_id`) REFERENCES `countries` (`Countries_id`),
  CONSTRAINT `fk_Information_Gender1` FOREIGN KEY (`Gender_id`) REFERENCES `gender` (`Gender_id`)
) ENGINE=InnoDB AUTO_INCREMENT=837 DEFAULT CHARSET=utf8mb3;
/*!40101 SET character_set_client = @saved_cs_client */;

--
-- Dumping data for table `information`
--

LOCK TABLES `information` WRITE;
/*!40000 ALTER TABLE `information` DISABLE KEYS */;
INSERT INTO `information` VALUES (1,'Maesha','SAADI','','2007-01-16',1,1,1),(2,'Houmed','HOUSSEIN BARKAT','','2004-04-04',2,2,3),(3,'Miguel Alejandro','de LARA OJEDA','','1994-08-09',2,3,2),(4,'Samyar','ABDOLI','','2002-12-25',2,4,3),(5,'En Yi Letitia','SIM','','2003-03-03',1,5,3),(6,'Jonathan Eu Jin','TAN','','2002-03-11',2,5,4),(7,'Camil','DOUA','','2002-02-23',2,6,5),(8,'Adam','MPALI','','2002-05-29',2,7,3),(9,'Naima-Zahra','AMISON','','2003-10-10',1,2,3),(10,'Freddy','MAYALA','','2000-06-18',2,8,3),(11,'Vanessa','BOBIMBO','','1999-12-08',1,8,3),(12,'Macarena','CEBALLOS','Maki','1995-01-12',1,9,6),(13,'Celia','ORTIZ PULIDO','Mermaid','2003-01-01',1,3,7),(14,'Jorge','IGA','','1997-01-12',2,3,8),(15,'Agostina','HEIN','The Viking','2008-04-24',1,9,9),(16,'Kayla','HEPLER','','2002-03-22',1,10,3),(17,'Philli','KINONO','Kiri-Boii','1997-12-10',2,10,10),(18,'Issa Samir Hamed','AL ADAWI','','1999-03-20',2,11,NULL),(19,'Ulises','SARAVIA','','2005-10-27',2,9,12),(20,'Jayhan Jamaud','ODLUM-SMITH','','2002-01-11',2,12,NULL),(21,'Jordan','CROOKS','','2002-05-02',2,13,13),(22,'Alina','ZMUSHKA','','1997-01-05',1,14,14),(23,'Ilya','SHYMANOVICH','','1994-08-02',2,14,15),(24,'Anastasiya','SHKURDAI','Nastya','2003-01-03',1,14,16),(25,'Kennice Aphenie','GREENE','','2007-07-06',1,15,NULL),(26,'Alex','JOACHIM','','2003-04-14',2,15,NULL),(27,'Filipe','GOMES','','1997-04-07',2,16,17),(28,'Raekwon Jibril','NOEL','','2005-12-21',2,17,NULL),(29,'Aleka Kylela','PERSAUD','The Little Beast in the Pool','2006-02-24',1,17,NULL),(30,'Victoria','CATTERSON','Vic','2001-03-25',1,18,18),(31,'Conor','FERGUSON','','1999-10-11',2,18,18),(32,'Jillian Janis Geohagan','CROOKS','JilliBill - given to her by her cousin','2006-06-27',1,13,NULL),(33,'Emma','HARVEY','','2001-07-23',1,19,NULL),(34,'Mikel','SCHREUDERS','','1998-09-21',2,20,21),(35,'Ekaterina','BORDACHYOVA','','2003-05-17',1,21,NULL),(36,'Andrea','BECALI','','2004-04-24',1,22,NULL),(37,'Rodolfo','FALCON JR','Rodolfito','2001-12-26',2,22,NULL),(38,'Jolanio','GUTERRES','','2005-05-12',2,23,NULL),(39,'Imelda','XIMENES BELO','','1998-10-24',1,23,NULL),(40,'Levenia','SIM','','2006-06-20',1,5,22),(41,'Jing Wen','QUAH','','2000-12-20',1,5,4),(42,'Fakhriddin','MADKAMOV','','2000-01-14',2,21,NULL),(43,'Yusuf Marwan Abdullah','NASSER','','2008-05-26',2,24,NULL),(44,'Johnathan','SILAS','','2002-08-12',2,25,NULL),(45,'Loane','RUSSET','','2005-11-26',1,25,NULL),(46,'Samiul Islam','RAFI','','2004-10-12',2,26,NULL),(47,'Amani','ALOBAIDLI','','2006-01-14',1,27,NULL),(48,'Saud','GHALI','','2004-08-17',2,27,NULL),(49,'Thomas','FANNON','Tom, fast-twitch Fannon','1998-05-20',2,18,23),(50,'Max','Mc CUSKER','','1999-09-11',2,18,NULL),(51,'Mona','Mc SHARRY','','2000-08-21',1,18,24),(52,'Ellen','WALSHE','','2001-09-29',1,18,25),(53,'Grace','DAVISON','','2007-08-26',1,18,26),(54,'Stefania','HURTADO GOMEZ','','2004-04-12',1,28,27),(55,'Rebecca-Aimee','DIACONESCU','','2006-04-24',1,29,28),(56,'David','POPOVICI','Chlorine Daddy, Magician','2004-09-15',2,29,29),(57,'Vlad Stefan','STANCU','','2005-08-13',2,29,NULL),(58,'Tayamika','CHANGANAMUNO','','2000-07-01',1,16,NULL),(59,'Hayley','HOY','','2008-03-01',1,30,NULL),(60,'Natalia Jean','KUIPERS','Nati','2002-06-13',1,31,30),(61,'Aminata Nia-Maria','BARROW','Amie','2004-01-02',1,32,NULL),(62,'Maximillian','WILSON','Max','2004-04-28',2,31,NULL),(63,'Musa','ZHALAYEV','','2003-05-15',2,33,NULL),(64,'Huy Hoang','NGUYEN','','2000-07-10',2,34,32),(65,'Luana','ALONSO','Lua','2004-03-19',1,35,33),(66,'Matheo','MATEOS','','2000-11-10',2,35,33),(67,'Ousman','JOBE','','2005-11-27',2,32,NULL),(68,'Danielle','HILL','D','1999-09-27',1,18,18),(69,'Ilya','SIBIRTSEV','','2001-04-28',2,36,35),(70,'Srihari','NATARAJ','','2001-01-16',2,37,36),(71,'Dhinidhi','DESINGHU','','2010-05-17',1,37,37),(72,'Alondra','ORTIZ','','2002-08-18',1,38,NULL),(73,'Alberto','VEGA','','2005-04-05',2,38,NULL),(74,'Yeziel','MORALES','','1996-01-16',2,39,38),(75,'Kristen Elena','ROMANO','','1999-09-24',1,39,39),(76,'Tasi','LIMTIACO','','1994-01-04',2,40,NULL),(77,'Hoe Yean','KHIEW','Steve','2002-09-02',2,41,NULL),(78,'Zackary','GRESHAM','','2004-09-29',2,42,NULL),(79,'Hana','BEIQI','','2008-09-28',1,43,NULL),(80,'Simon','BACHMANN','','1999-02-17',2,44,NULL),(81,'Matthew','LAWRENCE','','2003-12-27',2,45,NULL),(82,'Denise','DONELLI','','1996-05-20',1,45,NULL),(83,'Theo','DRUENNE','','2005-07-19',2,46,42),(84,'Erin','RIORDAN','','1999-09-02',1,18,NULL),(85,'Shane','RYAN','Sugar Shane','1994-01-27',2,18,43),(86,'Eduardo','CISTERNAS','','2004-01-10',2,47,44),(87,'Kristel','KOBRICH','Kris, La Alemana, Cobra, Pequena (small or \'shorty\' in Spanish, because at her first swimming club all the other girls were older than her)','1985-08-09',1,47,45),(88,'Jadon','WUILLIEZ','','2002-06-13',2,48,NULL),(89,'Ellie','SHAW','','2008-08-10',1,48,NULL),(90,'Mek','ALMUKHTAR','Mek','2006-09-03',1,49,NULL),(91,'Fahim','ANWARI','','1999-05-05',2,50,46),(92,'Mykhailo','ROMANCHUK','Misha','1996-08-07',2,51,47),(93,'Vladyslav','BUKHOV','Vlad, Vlados','2002-07-05',2,51,48),(94,'Denys','KESIL','','2000-10-26',2,51,NULL),(95,'Oleksandr','ZHELTIAKOV','','2005-11-15',2,51,50),(96,'Kestra','KIHLENG','','2003-08-12',1,40,NULL),(97,'Alexien','KOUMA','','2005-02-08',2,52,51),(98,'Aichata','DIABATE','','2005-08-28',1,52,NULL),(99,'Anahira','McCUTCHEON','','2009-10-05',1,53,NULL),(100,'Jack','KIRBY','','2000-07-24',2,54,NULL),(101,'Kaltra','MECA','','2008-03-26',1,55,NULL),(102,'Grisi','KOXHAKU','','2006-03-24',2,55,NULL),(103,'Ilias','EL FALLAKI','','2006-02-05',2,56,NULL),(104,'Imane Houda','EL BARODI','','2001-02-21',1,56,53),(105,'Petar Petrov','MITSIN','','2005-08-19',2,57,54),(106,'Josif','MILADINOV','','2003-06-23',2,57,55),(107,'Lyubomir','EPITROPOV','','1999-04-27',2,57,56),(108,'Gabriela','GEORGIEVA','','1997-06-16',1,57,NULL),(109,'Jayla','PINA','','2004-07-23',1,58,NULL),(110,'Aishath Ulya','SHAIG','','2002-10-19',1,59,NULL),(111,'Enkhkhuslen','BATBAYAR','','2001-12-14',1,60,58),(112,'Adaku','NWANDU','','2007-09-29',1,61,NULL),(113,'Valentin','BAYER','','1999-12-08',2,62,NULL),(114,'Simon','BUCHER','','2000-05-23',2,62,NULL),(115,'Martin','ESPERNBERGER','','2003-12-20',2,62,59),(116,'Heiko','GIGLER','','1996-06-17',2,62,NULL),(117,'Lena','KREUNDL','','1997-09-19',1,62,60),(118,'Bernhard','REITSHAMMER','Borni','1994-06-17',2,62,NULL),(119,'Irvin','HOOST','','1999-04-19',2,63,NULL),(120,'Amro','AL-WIR','','2001-01-23',2,64,61),(121,'Karin','BELBEISI','','2008-12-21',1,64,61),(122,'Yuri','HOSEI','','2005-05-20',1,65,NULL),(123,'Thi My Tien','VO','','2005-10-29',1,34,62),(124,'Noe','PANSTKHAVA','','2006-03-13',2,66,NULL),(125,'Ana','NIZHARADZE','','2008-10-19',1,66,NULL),(126,'Ching Hwee','GAN','','2003-07-22',1,5,4),(127,'Ralph','DALEIDEN CIUFERRI','','2003-03-25',2,67,63),(128,'Nixon','HERNANDEZ','','1997-10-08',2,68,NULL),(129,'Celina','MARQUEZ','','1999-07-16',1,68,NULL),(130,'Denis','PETRASHOV','','2000-02-01',2,69,64),(131,'Darragh','GREENE','','1995-10-20',2,18,65),(132,'Ziyad','SALEEM','','2003-03-24',2,70,NULL),(133,'Michelle','COLEMAN','Micha','1993-10-31',1,71,66),(134,'Isak','ELIASSON','','1996-01-22',2,71,67),(135,'Elias','PERSSON','','2002-04-03',2,71,68),(136,'Robin','HANSON','','2001-04-02',2,71,69),(137,'Sophie','HANSSON','','1998-08-02',1,71,70),(138,'Louise','HANSSON','','1996-11-24',1,71,70),(139,'Sara','JUNEVIK','','2000-02-14',1,71,71),(140,'Erik','PERSSON','','1994-01-12',2,71,72),(141,'Bjoern','SEELIGER','','2000-01-11',2,71,73),(142,'Sarah','SJOESTROEM','','1993-08-17',1,71,74),(143,'Sofia','AASTEDT','','2003-11-13',1,71,75),(144,'Hanna','ROSVALL','','2000-02-10',1,71,76),(145,'Rana','SAADELDIN','','2008-08-04',1,70,NULL),(146,'Lanihei','CONNOLLY','Lani','2005-12-30',1,72,NULL),(147,'Nicholas','LIA','','2001-02-13',2,73,NULL),(148,'Jon','JOENTVEDT','','2003-07-28',2,73,NULL),(149,'Ksawery','MASIUK','','2004-12-17',2,74,77),(150,'Jan','KALUSOWSKI','','2000-03-12',2,74,78),(151,'Julia','MAIK','','2003-09-23',1,74,79),(152,'Kamil','SIERADZKI','','2002-01-11',2,74,NULL),(153,'Adrian','JASKIEWICZ','','2002-01-31',2,74,NULL),(154,'Laura','BERNAT','','2005-09-28',1,74,80),(155,'Adela','PISKORSKA','','2003-11-16',1,74,81),(156,'Jakub','MAJERSKI','Kuba','2000-08-18',2,74,NULL),(157,'Katarzyna','WASICK','Wilczyca (\'She-wolf\', as her maiden name Wilk means wolf in Polish)','1992-03-22',1,74,82),(158,'Zuzanna','FAMULOK','','2003-11-14',1,74,NULL),(159,'Piotr','LUDWICZAK','','1996-05-01',2,74,NULL),(160,'Paulina','PEDA','','1998-03-18',1,74,83),(161,'Dominik','DUDYS','','2002-08-23',2,74,NULL),(162,'Bartosz','PISZCZOROWICZ','','1999-10-23',2,74,79),(163,'Kacper','STOKOWSKI','','1999-01-06',2,74,84),(164,'Krzysztof','CHMIELEWSKI','','2004-06-08',2,74,84),(165,'Michal','CHMIELEWSKI','','2004-06-08',2,74,84),(166,'Kornelia','FIEDKIEWICZ','','2001-08-05',1,74,85),(167,'Dominika','SZTANDERA','','1997-01-19',1,74,86),(168,'Mateusz','CHOWANIEC','','2003-10-03',2,74,NULL),(169,'Maria','BRUNLEHNER','','2000-04-01',1,75,87),(170,'Ridhwan Abubakar Bwana','MOHAMED','','2000-08-15',2,75,NULL),(171,'David','YOUNG','','2005-03-23',2,53,NULL),(172,'Kuan-Hung','WANG','Eddie. Taiwan Butterfly King','2002-01-23',2,76,89),(173,'Enkhtamir','BATBAYAR','','2004-09-27',2,60,NULL),(174,'Berkay','OGRETIR','','1998-02-16',2,77,90),(175,'Berke','SAKA','','2003-07-09',2,77,91),(176,'Tatiana','SALCUTAN','Tia','2001-04-16',1,78,92),(177,'Pavel','ALOVATKI','','2003-10-31',2,78,93),(178,'Iman','KOURAOGO','','2006-05-09',1,79,NULL),(179,'Ecem','DONMEZ','','1998-10-29',1,77,NULL),(180,'Ela Naz','OZDEMIR','','2006-04-23',1,77,NULL),(181,'Gizem','GUVENC','','2002-08-09',1,77,91),(182,'Zehra','BILGIN','','2002-04-27',1,77,NULL),(183,'Lojine','ABDALLA SALAH','','2004-11-23',1,80,NULL),(184,'Marwan','ELKAMASH','','1993-11-14',2,80,94),(185,'Airi','MITSUI','','2004-06-12',1,81,95),(186,'Hidekazu','TAKEHARA','Takechan','2004-04-27',2,81,96),(187,'Hiroko','MAKINO','','1999-08-20',1,81,97),(188,'Genki','TERAKADO','','2003-01-06',2,81,98),(189,'Hidenari','MANO','','2000-07-06',2,81,95),(190,'Yu','HANAGURUMA','','2000-01-28',2,81,99),(191,'Mio','NARITA','','2006-12-18',1,81,97),(192,'Rikako','IKEE','','2000-07-04',1,81,97),(193,'Satomi','SUZUKI','','1991-01-29',1,81,100),(194,'Nagisa','IKEMOTO','','2002-08-25',1,81,101),(195,'Rio','SHIRAI','','1999-09-10',1,81,102),(196,'Ageha','TANIGAWA','','2003-06-15',1,81,103),(197,'Yui','OHASHI','','1995-10-18',1,81,104),(198,'Reona','AOKI','','1995-02-24',1,81,97),(199,'Waka','KOBORI','','2000-08-10',1,81,105),(200,'Tomoru','HONDA','','2001-12-31',2,81,106),(201,'Naoki','MIZUNUMA','','1996-12-13',2,81,107),(202,'Katsuhiro','MATSUMOTO','Katsuo (after the skipjack tuna fish) ','1997-02-28',2,81,108),(203,'Ippei','WATANABE','Matchstick, Ippei-chan','1997-03-18',2,81,109),(204,'Daiya','SETO','','1994-05-24',2,81,110),(205,'Jovana','KULJACA','','2004-05-06',1,82,NULL),(206,'Milos','MILENKOVIC','','2005-07-12',2,82,NULL),(207,'Loris','BIANCHI','','2001-08-01',2,83,NULL),(208,'Elisabeth Sabroe','EBBESEN','','2002-03-22',1,84,111),(209,'Helena Rosendahl','BACH','','2000-06-12',1,84,112),(210,'Julie Ke','JENSEN','','2000-01-03',1,84,113),(211,'Martine','DAMBORG','','2007-05-07',1,84,114),(212,'Schastine','TABOR','','2005-02-18',1,84,115),(213,'Signe','BRO','','1999-03-05',1,84,116),(214,'Thea','BLOMSTERBERG','','2002-01-09',1,84,117),(215,'Souleymane','NAPARE','','2003-03-31',2,79,NULL),(216,'Alaa','MASO','','2000-01-01',2,85,NULL),(217,'Matin','BALSINI','','2001-02-19',2,85,119),(218,'Daniel','GRACIK','','2004-10-15',2,86,NULL),(219,'Kristyna','HORSKA','Kita','1997-09-30',1,86,120),(220,'Miroslav','KNEDLA','','2005-07-18',2,86,121),(221,'Barbora','SEEMANOVA','Bajina','2000-04-01',1,86,120),(222,'Valentine','DUMONT','','2000-07-02',1,87,122),(223,'Lucas','HENVEAUX','','2000-09-25',2,87,123),(224,'Abdulaziz','AL-OBAIDLY','','2001-09-28',2,88,124),(225,'Mst Sonia','KHATUN','','1999-09-10',1,26,NULL),(226,'Adam','MARAANA','','2003-07-07',2,89,NULL),(227,'Andrea','MUREZ','Andy, Andi','1992-01-29',1,89,126),(228,'Aviv','BARZELAY','','2002-05-28',1,89,127),(229,'Ayla','SPITZ','','2001-01-08',1,89,128),(230,'Bar','SOLOVEYCHIK','','2000-08-15',2,89,129),(231,'Anastasia','GORBENKO','','2003-08-07',1,89,130),(232,'Daria','GOLOVATY','','2005-08-30',1,89,NULL),(233,'David','GERCHIK','','2001-02-20',2,89,130),(234,'Denis','LOKTEV','','2000-04-06',2,89,131),(235,'Eitan','BEN SHITRIT','','2003-06-02',2,89,132),(236,'Gal','COHEN GROUMI','','2002-04-22',2,89,133),(237,'Lea','POLONSKY','','2002-05-25',1,89,130),(238,'Martin','KARTAVI','','2004-03-09',2,89,NULL),(239,'Meiron Amir','CHERUTI','HTG','1997-10-19',2,89,NULL),(240,'Ron','POLONSKY','','2001-03-28',2,89,130),(241,'Tomer','FRANKEL','','2000-10-18',2,89,134),(242,'Alexey','GLIVINSKIY','','2004-09-23',2,89,134),(243,'Jack','HARVEY','','2003-05-06',2,19,135),(244,'Joshua','WYSE','','2001-03-24',2,90,NULL),(245,'Sung Jae','CHO','','2001-03-13',2,91,NULL),(246,'Dongyeol','CHOI','','1999-05-01',2,91,NULL),(247,'Yeonkyung','HUR','','2005-12-16',1,91,NULL),(248,'Sunwoo','HWANG','','2003-05-21',2,91,136),(249,'Yuchan','JI','Underwater Bullet','2002-08-24',2,91,137),(250,'Jihun','KIM','','2000-05-15',2,91,NULL),(251,'Minseo','KIM','','2004-03-18',2,91,NULL),(252,'Seoyeong','KIM','The Little Mermaid','1994-03-17',1,91,136),(253,'Yeonghyeon','KIM','','2004-03-03',2,91,NULL),(254,'Eunji','LEE','Mermaid','2006-07-23',1,91,138),(255,'Hojoon','LEE','','2001-02-14',2,91,138),(256,'Juho','LEE','Swimming Genius','1995-01-23',2,91,NULL),(257,'Yooyeon','LEE','','2000-09-04',2,91,140),(258,'Jaehoon','YANG','','1998-05-07',2,91,NULL),(259,'Elizaveta','PECHERSKIKH','','2004-08-25',1,69,NULL),(260,'Lilla Minna','ABRAHAM','Go','2006-03-23',1,92,142),(261,'Balazs','HOLLO','Bazsi','1999-02-10',2,92,143),(262,'Vivien','JACKL','Viv','2008-10-17',1,92,142),(263,'Adam','JASZO','','2002-07-05',2,92,144),(264,'Freya','ANDERSON','','2001-03-04',1,93,145),(265,'Kieran','BIRD','','1999-09-02',2,93,146),(266,'Alexander','COHOON','','2002-09-17',2,93,NULL),(267,'Freya Constance','COLBERT','','2004-03-08',1,93,NULL),(268,'Kathleen','DAWSON','Kat','1997-10-03',1,93,147),(269,'Tom','DEAN','Deano, The SubmaDean','2000-05-02',2,93,148),(270,'Luke','GREENBANK','','1997-09-17',2,93,149),(271,'James','GUY','Jimmy, Jimbob','1995-11-26',2,93,150),(272,'Medi Eira','HARRIS','','2002-09-15',1,93,151),(273,'Lucy','HOPE','','1997-01-30',1,93,152),(274,'Anna','HOPKIN','','1996-04-24',1,93,153),(275,'Daniel','JERVIS','','1996-06-09',2,93,154),(276,'Joe Richard','LITCHFIELD','','1998-07-08',2,93,155),(277,'Keanna Louise','MACINNES','','2001-08-19',1,93,156),(278,'Jack','McMILLAN','','2000-01-14',2,93,18),(279,'Oliver','MORGAN','','2003-06-11',2,93,NULL),(280,'Eva','OKARO','','2006-11-10',1,93,157),(281,'Benjamin','PROUD','Ben','1994-09-21',2,93,148),(282,'Matthew','RICHARDS','Matt','2002-12-17',2,93,158),(283,'Duncan','SCOTT','','1997-05-06',2,93,159),(284,'Katie','SHANAHAN','','2004-06-25',1,93,159),(285,'Laura','STEPHENS','','1999-06-02',1,93,148),(286,'Jacob Henry','WHITTLE','J the Jet Whittle, J','2004-09-25',2,93,160),(287,'James','WILBY','','1993-11-12',2,93,159),(288,'Abbie','WOOD','','1999-03-02',1,93,161),(289,'Boglarka','KAPAS','Bogi','1993-04-22',1,92,162),(290,'Ajna','KESELY','','2001-09-10',1,92,142),(291,'Hubert','KOS','Hubi','2003-03-28',2,92,163),(292,'Lia','LIMA','','2001-09-09',1,94,NULL),(293,'Henrique','MASCARENHAS','','2001-06-21',2,94,NULL),(294,'Richard','MARTON','Ricky','1999-10-07',2,92,142),(295,'Kristof','MILAK','','2000-02-20',2,92,142),(296,'Dora','MOLNAR','Dori','2006-06-29',1,92,142),(297,'Nandor','NEMETH','Nandi','1999-11-19',2,92,164),(298,'Nikolett','PADAR','Niki','2006-03-30',1,92,165),(299,'Isabel','GOSE','Isi','2002-05-09',1,95,166),(300,'Julia','MROZINSKI','','2000-02-16',1,95,167),(301,'Laura','RIEDEMANN','','1998-05-29',1,95,168),(302,'Marek','ULRICH','','1997-01-12',2,95,169),(303,'Luca','ARMBRUSTER','','2001-11-05',2,95,170),(304,'Angelina','KOEHLER','','2000-11-12',1,95,171),(305,'Rafael','MIROSLAW','','2001-03-25',2,95,172),(306,'Josha','SALCHOW','','1999-07-02',2,95,173),(307,'Sven','SCHWARZ','Sven in Black (Schwarz translated into English is black)','2002-01-31',2,95,NULL),(308,'Anna','ELENDT','','2001-09-04',1,95,174),(309,'Lukas','MAERTENS','','2001-12-27',2,95,175),(310,'Lucas','MATZERATH','','2000-05-03',2,95,176),(311,'Timo','SORGIUS','','2003-07-05',2,95,177),(312,'Cedric','BUESSING','','2003-10-17',2,95,178),(313,'Melvin','IMOUDU','','1999-01-27',2,95,179),(314,'Artem','SELIN','','2002-05-21',2,95,180),(315,'Ole','BRAUNSCHWEIG','','1997-11-15',2,95,166),(316,'Nina','HOLT','','2003-02-01',1,95,181),(317,'Peter','VARJASI','','2000-01-18',2,95,NULL),(318,'Nele','SCHULZE','','2004-02-20',1,95,NULL),(319,'Kaii','WINKLER','','2006-03-27',2,95,182),(320,'Lamar','TAYLOR','','2003-06-21',2,96,NULL),(321,'Rhanishka','GIBBS','','2006-04-19',1,96,NULL),(322,'Alfonso Enrique','MESTRE VIVAS','','2001-09-24',2,97,183),(323,'Salima','AHMADOU YOUSSOUFOU','','2003-10-21',1,98,NULL),(324,'Marouane','MAMANE HAMISSOU ABBA','','2009-01-21',2,98,NULL),(325,'Hayley','WONG','','2008-05-13',1,99,NULL),(326,'Sophia','LATIFF','','2006-12-24',1,100,NULL),(327,'Jehanara','NABI','','2004-07-14',1,101,NULL),(328,'Zalan','SARKANY','','2003-10-15',2,92,NULL),(329,'Anishta','TEELUCK','','2001-05-07',1,102,185),(330,'Dalma','SEBESTYEN','Dalmatian, less commonly Dalmus','1997-01-23',1,92,186),(331,'Petra','SENANSZKY','','1994-01-10',1,92,162),(332,'Eszter','SZABO-FELTOTHY','','2002-01-04',1,92,142),(333,'Szebasztian','SZABO','','1996-03-11',2,92,167),(334,'Anastasiia','KIRPICHNIKOVA','','2000-06-24',1,103,187),(335,'Charlotte','BONNET','Chacha','1995-02-14',1,103,188),(336,'Beryl','GASTALDELLO','Queen Bee','1995-02-16',1,103,189),(337,'Melanie','HENIQUE','Mel','1992-12-22',1,103,190),(338,'Marina','JEHL','','2001-12-05',1,103,191),(339,'Pauline','MAHIEU','','1999-03-13',1,103,192),(340,'Mary-Ambre','MOLUH','','2005-09-09',1,103,193),(341,'Lison','NOWACZYK','','2003-01-27',1,103,194),(342,'Lilou','RESSENCOURT','','2003-06-05',1,103,195),(343,'Emma','TEREBO','','1998-07-10',1,103,196),(344,'Lucile','TESSARIOL','','2004-01-06',1,103,197),(345,'Assia','TOUATI','','1995-04-23',1,103,198),(346,'Marie','WATTEL','','1997-06-02',1,103,199),(347,'David','AUBRY','','1996-11-08',2,103,200),(348,'Pacome','BRICOUT','','2005-02-05',2,103,201),(349,'Rafael','FENTE--DAMERS','Rafa','2006-10-17',2,103,202),(350,'Roman','FUCHS','','1998-01-14',2,103,51),(351,'Maxime','GROUSSET','','1999-04-24',2,103,203),(352,'Guillaume','GUTH','','2000-01-13',2,103,204),(353,'Damien','JOLY','','1992-06-04',2,103,205),(354,'Yann','le GOFF','','2003-02-09',2,103,206),(355,'Florent','MANAUDOU','Flo','1990-11-12',2,103,207),(356,'Leon','MARCHAND','','2002-05-17',2,103,208),(357,'Yohann','NDOYE-BROUARD','','2000-11-29',2,103,209),(358,'Hadrien','SALVAN','','1997-07-10',2,103,210),(359,'Clement','SECCHI','','2000-05-04',2,103,211),(360,'Mewen','TOMAC','','2001-09-11',2,103,212),(361,'Antoine','VIQUERAT','','1998-10-05',2,103,213),(362,'W. Amazigh','YEBBA','','2000-04-08',2,103,214),(363,'Ida','HULKKO','','1998-12-12',1,104,215),(364,'Matti','MATTSSON','Porin Karhuksi (Pori Bear)','1993-10-05',2,104,216),(365,'Adam','TELEGDY','','1995-11-01',2,92,142),(366,'Panna','UGRAI','','2004-10-18',1,92,217),(367,'Collins','SALIBOKO','','2002-04-09',2,100,NULL),(368,'Gabor','ZOMBORI','','2002-10-08',2,92,218),(369,'Ionnah Eliane','DOUILLET','','2007-11-28',1,105,NULL),(370,'Alexis Michel Roger Dodji','KPADE','','2005-11-11',2,105,NULL),(371,'Alberto','MESTRE','','1999-02-10',2,97,219),(372,'Maria Victoria','YEGRES COTTIN','','2005-11-23',1,97,NULL),(373,'Matej','DUSA','','2000-07-10',2,106,220),(374,'Tamara','POTOCKA','','2002-08-15',1,106,221),(375,'Leo','NOLLES','','2003-04-12',2,107,NULL),(376,'Nicole','FRANK','','2003-09-08',1,107,NULL),(377,'Anthony','RINCON VELASCO','','2001-04-20',2,28,NULL),(378,'Zuri','FERGUSON','','2007-03-01',1,108,NULL),(379,'Dylan','CARTER','','1996-01-01',2,108,222),(380,'Zeke','CHAN','','2007-08-30',2,99,NULL),(381,'Roos','VANOTTERDIJK','','2005-01-07',1,87,223),(382,'Varsenik','MANUCHARYAN','Vika','2003-07-11',1,109,224),(383,'Artur','BARSEGHYAN','','2002-03-29',2,109,224),(384,'Jasmine','SCHOFIELD','','2005-11-14',1,110,NULL),(385,'Warren Adam','LAWRENCE','','2003-05-14',2,110,NULL),(386,'Jonathan','RAHARVEL','','2002-04-24',2,111,225),(387,'Sabrina','LYN','','2004-04-26',1,112,226),(388,'Josh','KIRLEW','','1999-09-09',2,112,NULL),(389,'Eneli','JEFIMOVA','','2006-12-27',1,113,227),(390,'Kregor','ZIRK','','1999-07-03',2,113,227),(391,'Tilly','COLLYMORE','','2007-11-27',1,42,NULL),(392,'Ian Yentou','HO','','1997-04-25',2,114,228),(393,'Hoi Shun Stephanie','AU','Little Fairy, Mermaid of Team Hong Kong','1992-05-30',1,114,229),(394,'Camille Lily Mei','CHENG','Camel, Cammy','1993-05-09',1,114,229),(395,'Siobhan Bernadette','HAUGHEY','The Little Mermaid','1997-10-31',1,114,230),(396,'Cheuk Tung Natalie','KAN','','2002-04-30',1,114,229),(397,'Hoi Lam','TAM','Karen','1998-04-21',1,114,229),(398,'Sum Yuet Cindy','CHEUNG','','2006-08-09',1,114,NULL),(399,'Aynura','PRIMOVA','','2006-09-02',1,33,NULL),(400,'Simona','QUADARELLA','Squiddy (after an animation character), Quadabella, Gnappez, Veleno','1998-12-18',1,115,231),(401,'Nicolo','MARTINENGHI','','1999-08-01',2,115,232),(402,'Manuel','FRIGO','','1997-02-18',2,115,233),(403,'Thomas','CECCON','','2001-01-27',2,115,234),(404,'Alessandro','MIRESSI','Mire','1998-10-02',2,115,235),(405,'Alberto','RAZZETTI','Razzo (\'Rocket\' in Italian)','1999-06-02',2,115,236),(406,'Benedetta','PILATO','Benny the Rocket, Benny','2005-01-18',1,115,237),(407,'Sara','FRANCESCHI','Francy','1999-02-01',1,115,238),(408,'Lorenzo','ZAZZERI','ZazzArt','1994-08-09',2,115,239),(409,'Giacomo','CARINI','','1997-07-02',2,115,240),(410,'Paolo','CONTE BONIN','','2002-02-09',2,115,234),(411,'Luca','de TULLIO','','2003-09-21',2,115,241),(412,'Marco','de TULLIO','','2000-09-21',2,115,241),(413,'Leonardo','DEPLANO','','1999-07-21',2,115,239),(414,'Matteo','LAMBERTI','','1999-03-24',2,115,242),(415,'Michele','LAMBERTI','','2000-11-03',2,115,242),(416,'Filippo','MEGLI','','1997-05-10',2,115,239),(417,'Alessandro','RAGAINI','','2006-08-02',2,115,243),(418,'Matteo','RESTIVO','','1994-11-04',2,115,244),(419,'Ludovico Blu Art','VIBERTI','','2002-02-08',2,115,245),(420,'Lisa','ANGIOLINI','','1995-06-29',1,115,246),(421,'Costanza','COCCONCELLI','','2002-01-26',1,115,247),(422,'Giulia','D\'INNOCENZO','Dinno','2002-05-17',1,115,231),(423,'Sara','CURTIS','','2006-08-19',1,115,248),(424,'Francesca','FANGIO','','1995-08-17',1,115,238),(425,'Emma Virginia','MENICUCCI','','2002-05-11',1,115,249),(426,'Sofia','MORINI','','2003-03-08',1,115,250),(427,'Margherita','PANZIERA','','1995-08-12',1,115,251),(428,'Giulia','RAMATELLI','','2000-09-09',1,115,231),(429,'Viola','SCOTTO di CARLO','','2003-06-27',1,115,252),(430,'Chiara','TARANTINO','','2003-08-14',1,115,253),(431,'Matilde','BIAGIOTTI','Maty','2005-09-20',1,115,254),(432,'Julimar','AVILA MANCIA','','1997-01-21',1,116,255),(433,'Julio','HORREGO','','1998-10-08',2,116,256),(434,'Mia','PHIRI','','2003-05-05',1,117,NULL),(435,'Damien','SHAMAMBO','','2003-08-19',2,117,NULL),(436,'Jenjira','SRISA - ARD ','Joy','1995-04-16',1,118,257),(437,'Dulyawat','KAEWSRIYONG','Just','2002-08-13',2,118,NULL),(438,'Nikola','MILJENIC','','1998-05-19',2,119,258),(439,'Jana','PAVALIC','','2007-05-27',1,119,NULL),(440,'Mohamad','ZUBAID','','2008-03-30',2,120,NULL),(441,'Lara','DASHTI','','2004-01-24',1,120,260),(442,'Snaefridur Sol','JORUNNARDOTTIR','Sol','2000-10-31',1,121,NULL),(443,'Anton','McKEE','McIykill','1993-12-18',2,121,262),(444,'Terence','TENGUE','','2005-10-26',2,122,NULL),(445,'Tracy Marine','ANDET','','2005-10-04',1,122,NULL),(446,'Maria Jose','RIBERA','','1996-10-28',1,123,263),(447,'Esteban','NUNEZ del PRADO','','2004-06-02',2,123,NULL),(448,'Alexandre','GRAND\'PIERRE','','2003-01-22',2,124,NULL),(449,'Sangay','TENZIN','ST','2003-09-07',2,125,264),(450,'Joe','KURNIAWAN','','2001-08-02',2,126,265),(451,'Paige','van der WESTHUIZEN','','2003-04-23',1,127,NULL),(452,'Lina Alemayehu','SELO','','2000-10-08',1,128,NULL),(453,'Denilson','CYPRIANOS','','2002-10-07',2,127,NULL),(454,'Adilbek','MUSSIN','','1999-10-04',2,129,NULL),(455,'Xeniya','IGNATOVA','','2005-08-02',1,129,NULL),(456,'Jesse Ssuubi','SSENGONZI','','2002-08-27',2,130,NULL),(457,'Gloria Anna','MUZITO','','2002-11-29',1,130,266),(458,'Abbey','WEITZEIL','','1996-12-03',1,131,267),(459,'Jack','ALEXY','','2003-01-19',2,131,268),(460,'Hunter','ARMSTRONG','Magic Man (because of his passion for card tricks)','2001-01-24',2,131,269),(461,'Phoebe','BACON','','2002-08-12',1,131,270),(462,'Katharine','BERKOFF','','2001-01-28',1,131,271),(463,'Erika','CONNOLLY','','1998-08-27',1,131,272),(464,'Shaine','CASAS','','1999-12-25',2,131,273),(465,'Brooks','CURRY','','2001-01-20',2,131,274),(466,'Kate','DOUGLASS','','2001-11-17',1,131,275),(467,'Caeleb','DRESSEL','','1996-08-16',2,131,276),(468,'Matt','FALLON','','2002-10-03',2,131,277),(469,'Nic','FINK','The Fish','1993-07-03',2,131,278),(470,'Bobby','FINKE','Bobby','1999-11-06',2,131,279),(471,'Carson','FOSTER','','2001-10-26',2,131,280),(472,'Erin','GEMMELL','','2004-12-02',1,131,281),(473,'Chris','GUILIANO','','2003-06-25',2,131,282),(474,'Thomas','HEILMAN','','2007-02-07',2,131,283),(475,'Ryan','HELD','','1995-06-27',2,131,284),(476,'Luke','HOBSON','','2003-06-25',2,131,285),(477,'Torri','HUSKE','','2002-12-07',1,131,286),(478,'David','JOHNSTON','','2001-10-28',2,131,287),(479,'Keaton','JONES','','2004-10-13',2,131,288),(480,'Chase','KALISZ','','1994-03-07',2,131,289),(481,'Drew','KIBLER','','2000-03-09',2,131,290),(482,'Lilly','KING','','1997-02-10',1,131,291),(483,'Matt','KING','','2002-02-19',2,131,292),(484,'Katie','LEDECKY','Ledecks, Ledeckster, Deckster','1997-03-17',1,131,270),(485,'Paige','MADDEN','','1998-10-22',1,131,293),(486,'Simone','MANUEL','Swimone','1996-08-02',1,131,294),(487,'Josh','MATHENY','','2002-10-16',2,131,295),(488,'Ryan','MURPHY','Murph','1995-07-02',2,131,296),(489,'Anna','PEPLOWSKI','','2002-09-25',1,131,297),(490,'Blake','PIERONI','','1995-11-15',2,131,298),(491,'Aaron','SHACKELL','','2004-09-08',2,131,299),(492,'Alex','SHACKELL','','2006-11-13',1,131,299),(493,'Kieran','SMITH','','2000-05-20',2,131,300),(494,'Regan','SMITH','Riptide Rocket','2002-02-09',1,131,301),(495,'Charlie','SWANSON','','1998-02-20',2,131,302),(496,'Luca','URLANDO','','2002-03-16',2,131,303),(497,'Alex','WALSH','','2001-07-31',1,131,304),(498,'Gretchen','WALSH','','2003-01-29',1,131,304),(499,'Emma','WEBER','','2004-01-13',1,131,305),(500,'Claire','WEINSTEIN','','2007-03-01',1,131,275),(501,'Emma','WEYANT','','2001-12-24',1,131,306),(502,'Luke','WHITLOCK','','2006-03-08',2,131,307),(503,'Chloe','FARRO','','2003-06-19',1,20,308),(504,'Josh','TARERE','','2000-01-31',2,132,NULL),(505,'Georgia-Leigh','VELE','','1998-12-11',1,132,NULL),(506,'Lana','PUDAR','','2006-01-19',1,133,309),(507,'Nicole','MAIER','','2000-04-09',1,95,310),(508,'Jovan','LEKIC','','2003-09-29',2,133,NULL),(509,'Christina','RACH','','2007-09-25',1,134,NULL),(510,'Aaron Ghebre','OWUSU','','2006-10-13',2,134,NULL),(511,'Caitlin','DEANS','','1999-12-05',1,135,311),(512,'Vanessa Hazel','OUWEHAND','','1999-12-30',1,135,135),(513,'Taiko','TOREPE-ORMSBY','','2003-08-16',2,135,313),(514,'Kane','FOLLOWS','','1997-05-27',2,135,314),(515,'Laticia-Leigh','TRANSOM','','2001-04-10',1,135,315),(516,'Eve','THOMAS','','2001-02-09',1,135,316),(517,'Lewis','CLAREBURT','','1999-07-04',2,135,317),(518,'Cameron','GRAY','','2003-08-13',2,135,314),(519,'Erika','FAIRWEATHER','Erik','2003-12-31',1,135,311),(520,'Sasha','GATT','','2005-06-22',1,136,NULL),(521,'Florine','GASPARD','','2001-12-28',1,87,318),(522,'Elizabeth','JIMENEZ','','2006-02-09',1,137,NULL),(523,'Javier','NUNEZ','','2007-04-04',2,137,NULL),(524,'McKenna','de BEVER','','1996-06-05',1,138,319),(525,'Joaquin','VARGAS','','2002-02-19',2,138,320),(526,'Alan Koti Lopeti','UHI','','2005-10-16',2,139,NULL),(527,'Noelani Malia','DAY','Lani','2003-04-24',1,139,NULL),(528,'Yufei','ZHANG','Butterfly Queen, Fei-fei (from teammates), Ni-ni (from family members)','1998-04-19',1,140,321),(529,'Jiajun','SUN','','2000-08-01',2,140,322),(530,'Haiyang','QIN','Calm Brother (given to him by a coach because of his personality)','1999-05-17',2,140,NULL),(531,'Jiayu','XU','Jia Yu (Softshell Turtle)','1995-08-19',2,140,324),(532,'Haoyu','WANG','','2005-07-27',2,140,325),(533,'Juner','CHEN','','2004-02-17',2,140,326),(534,'Guangsheng','NIU','','2004-06-09',2,140,326),(535,'Zhihao','DONG','','2005-03-31',2,140,321),(536,'Xinjie','JI','','1997-10-27',2,140,327),(537,'Zhanshuo','ZHANG','','2007-05-14',2,140,NULL),(538,'Zhanle','PAN','','2004-08-04',2,140,324),(539,'Changhao','WANG','','2002-08-01',2,140,NULL),(540,'Liwei','FEI','','2003-03-12',2,140,328),(541,'Xueer','WANG','','1998-01-15',1,140,NULL),(542,'Junxuan','YANG','1101 (because it used to be her number for sports competitions at school), Miaomiao','2002-01-26',1,140,329),(543,'Weizhong','GAO','','2008-03-18',1,140,NULL),(544,'Yiting','YU','','2005-09-05',1,140,330),(545,'Xuwei','PENG','Aivy','2003-01-15',1,140,331),(546,'Bingjie','LI','','2002-03-03',1,140,332),(547,'Chutong','GE','','2003-09-23',1,140,333),(548,'Shun','WANG','Steve','1994-02-11',2,140,334),(549,'Qianting','TANG','Submarine. Her name Qianting has the same pronunciation as the Mandarin term for submarine','2004-03-14',1,140,335),(550,'Chang','YANG','Chang\'er, Leaf','2001-09-16',1,140,NULL),(551,'Letian','WAN','','2004-08-12',1,140,336),(552,'Qingfeng','WU','','2003-01-28',1,140,337),(553,'Luying','CHEN','','2006-11-11',1,140,338),(554,'Shiwen','YE','Xiao Ye Zi (Little Leaf)','1996-03-01',1,140,328),(555,'Yaqi','KONG','','2008-01-24',1,140,339),(556,'Yaxin','LIU','','1999-06-16',1,140,340),(557,'Muhan','TANG','','2003-09-04',1,140,341),(558,'Yujie','CHENG','','2005-09-22',1,140,342),(559,'Abbey Lee','CONNOR','','2005-04-21',1,141,343),(560,'Alexandria','PERKINS','Alex','2000-07-27',1,141,344),(561,'Ariarne','TITMUS','Terminator, Arnie (reference to actor Arnold Schwarzenegger)','2000-09-07',1,141,345),(562,'Ben','ARMBRUSTER','','2002-05-10',2,141,346),(563,'Bradley','WOODWARD','Woody','1998-07-05',2,141,347),(564,'Brendon','SMITH','Brendo','2000-07-04',2,141,348),(565,'Brianna','THROSSELL','Bree, Bria, Bri','1996-02-10',1,141,349),(566,'Bronte','CAMPBELL','C2, Bront, Brontezaurus','1994-05-14',1,141,17),(567,'Cameron','McEVOY','Cam, The Professor','1994-05-13',2,141,350),(568,'Elijah','WINNINGTON','Lij, Lijo','2000-05-05',2,141,351),(569,'Elizabeth','DEKKERS','Lizzy','2004-05-06',1,141,352),(570,'Ella','RAMSAY','','2004-07-12',1,141,353),(571,'Emma','McKEON','Em','1994-05-24',1,141,354),(572,'Flynn','SOUTHAM','','2005-06-05',2,141,355),(573,'Iona','ANDERSON','','2005-10-03',1,141,356),(574,'Isaac','COOPER','','2004-01-07',2,141,357),(575,'Zac','STUBBLETY-COOK','Zac','1999-01-04',2,141,358),(576,'Jack','CARTWRIGHT','','1998-09-22',2,141,359),(577,'Jaclyn','BARCLAY','','2006-12-27',1,141,NULL),(578,'Jamie','PERKINS','','2005-01-19',1,141,360),(579,'Jenna','FORRESTER','','2003-06-14',1,141,361),(580,'Jenna','STRAUCH','Jen','1997-03-24',1,141,362),(581,'Joshua','YONG','Josh','2001-07-24',2,141,363),(582,'Kai','TAYLOR','','2003-08-18',2,141,352),(583,'Kaylee','McKEOWN','The Lion Cub, Pumbaa, Kmck','2001-07-12',1,141,364),(584,'Kyle','CHALMERS','Rayon, Ray, Big Tune','1998-06-25',2,141,365),(585,'Lani','PALLISTER','','2002-06-06',1,141,300),(586,'Matthew','TEMPLE','Matt','1999-06-20',2,141,366),(587,'Maximillian','GIULIANI','Max','2003-07-03',2,141,NULL),(588,'Meg','HARRIS','','2002-03-07',1,141,368),(589,'Mollie','O\'CALLAGHAN','Mollie O','2004-04-02',1,141,369),(590,'Olivia','WUNSCH','Liv','2006-05-31',1,141,NULL),(591,'Samuel','SHORT','','2003-09-17',2,141,NULL),(592,'Sam','WILLIAMSON','','1997-12-19',2,141,370),(593,'Se-Bom','LEE','','2001-06-12',2,141,343),(594,'Shayna','JACK','','1998-11-06',1,141,371),(595,'Thomas','NEILL','Tom, Tommy','2002-06-09',2,141,230),(596,'William','YANG','','1998-10-11',2,141,300),(597,'William Campbell','PETRIC','','2004-08-03',2,141,372),(598,'Zac','INCERTI','','1996-07-13',2,141,373),(599,'Ieva','MALUKA','','2003-04-09',1,142,374),(600,'Daniils','BOBROVS','Danik','1997-10-08',2,142,374),(601,'Giovanni','CASERTA','','2002-01-17',2,115,375),(602,'Anja','CREVAR','','2000-05-24',1,143,376),(603,'Nikola','ACIN','','1999-12-19',2,143,377),(604,'Andrej','BARNA','','1998-03-06',2,143,378),(605,'Justin','CVETKOV','','2007-06-12',2,143,379),(606,'Velimir','STJEPANOVIC','Velja','1993-08-07',2,143,380),(607,'Olamide','SAM','','1999-12-04',1,90,NULL),(608,'Tomas','LUKMINAS','','2004-10-26',2,144,381),(609,'Ruta','MEILUTYTE','','1997-03-19',1,144,382),(610,'Tomas','NAVIKONIS','','2003-04-12',2,144,381),(611,'Camila','REBELO','','2003-02-03',1,145,383),(612,'Diogo','MATOS RIBEIRO','','2004-10-27',2,145,384),(613,'Miguel','NASCIMENTO','','1995-01-19',2,145,385),(614,'Danas','RAPSYS','Dan','1995-05-21',2,144,381),(615,'Aleksas','SAVICKAS','','2003-01-13',2,144,381),(616,'Andrius','SIDLAUSKAS','','1997-04-06',2,144,381),(617,'Joao','COSTA','','2001-08-06',2,145,386),(618,'Kotryna','TETEREVKOVA','','2002-01-23',1,144,387),(619,'Higinio','NDONG OBAMA','','1998-09-19',2,146,NULL),(620,'G. Arm','NGUICHIE KAMSEU KAMOGNE','','2007-07-27',2,147,NULL),(621,'Maria Victoria','SCHUTZMEIER','Vicky','1999-10-29',1,148,388),(622,'Gerald','HERNANDEZ','','2004-10-27',2,148,NULL),(623,'Grace Manuela','NGUELO\'O MABEU','','2005-11-08',1,147,NULL),(624,'Troy','NISBETT','','2009-01-06',2,149,NULL),(625,'Beatriz','DIZOTTI','Bia','2000-04-13',1,150,389),(626,'Gabrielle','RONCATTO','Gabi','1998-07-19',1,150,389),(627,'Yazan','AL BAWWAB','','1999-10-30',2,151,NULL),(628,'Valerie Rose','TARAZI','Val','1999-10-09',1,151,NULL),(629,'Erick','GORDILLO','','1999-10-05',2,152,NULL),(630,'Lucero','MEJIA','','2007-10-17',1,152,NULL),(631,'Ana Carolina','VIEIRA','','2001-10-24',1,150,389),(632,'Breno','CORREIA','','1999-02-19',2,150,391),(633,'Eduardo','OLIVEIRA de MORAES','','2001-07-02',2,150,392),(634,'Guilherme','BASSETO','Gui','1997-03-12',2,150,393),(635,'Giovana','MEDEIROS','','2004-05-14',1,150,NULL),(636,'Gabriel','SANTOS','Gabigol','1996-05-04',2,150,394),(637,'Guilherme','SANTOS','Gui. He is also known as Guilherme Caribe','2003-03-01',2,150,391),(638,'Kayky','MOTA','','1999-04-22',2,150,389),(639,'Marcelo','CHIERIGHINI','Lelo','1991-01-15',2,150,395),(640,'Maria Fernanda','COSTA','Mafe','2002-09-05',1,150,396),(641,'Maria Paula','HEITMANN','','1999-01-31',1,150,392),(642,'Murilo','SETIN SARTORI','','2002-05-18',2,150,397),(643,'Nicolas','ALBIERO','','1999-06-08',2,150,NULL),(644,'Stephanie','BALDUCCINI','Tete','2004-09-20',1,150,398),(645,'Kristian','GKOLOMEEV','','1993-07-04',2,153,54),(646,'Apostolos','CHRISTOU','Tolis','1996-11-01',2,153,399),(647,'Anna','NTOUNTOUNAKI','','1995-09-09',1,153,400),(648,'Andreas','VAZAIOS','','1994-05-09',2,153,399),(649,'Theodora','DRAKOU','Nora','1992-02-06',1,153,401),(650,'Evangelos','MAKRYGIANNIS','Vaggelis','2000-06-18',2,153,399),(651,'Apostolos','SISKOS','','2005-06-24',2,153,402),(652,'Stergios Marios','BILAS','','2001-11-21',2,153,403),(653,'Dimitrios','MARKOS','','2001-09-13',2,153,399),(654,'Konstantinos','ENGLEZAKIS','Kostas','2001-03-20',2,153,399),(655,'Konstantinos Emmanouil','STAMOU','','2003-07-10',2,153,NULL),(656,'Odyssefs','MELADINIS','','1990-04-05',2,153,404),(657,'Apostolos','PAPASTAMOS','','2001-03-20',2,153,405),(658,'Georgia','DAMASIOTI','','2003-07-02',1,153,NULL),(659,'Evangelos Efraim','NTOUMAS','','2008-07-26',2,153,407),(660,'Panagiotis','BOLANOS','Panos','2000-12-28',2,153,399),(661,'Laura','CABANES GARZAS','','2006-01-03',1,154,408),(662,'Ainhoa','CAMPABADAL AMEZCUA','','2003-06-03',1,154,409),(663,'Emma','CARRASCO CADENS','','2005-12-31',1,154,410),(664,'Cesar','CASTRO VALLE','','1999-05-31',2,154,411),(665,'Carles','COLL MARTI','','2001-10-15',2,154,412),(666,'Maria','DAZA GARCIA','','2007-08-28',1,154,413),(667,'Sergio','de CELIS MONTALBAN','','2000-01-18',2,154,414),(668,'Luis','DOMINGUEZ','','2003-01-18',2,154,415),(669,'Arbidel','GONZALEZ ALVAREZ','','2002-08-31',2,154,416),(670,'Hugo','GONZALEZ de OLIVEIRA','','1999-02-19',2,154,417),(671,'Alba','HERRERO LAZARO','','2002-08-20',1,154,418),(672,'Ferran','JULIA TOUS','','2000-07-07',2,154,419),(673,'Paula','JUSTE SANCHEZ','','2003-07-02',1,154,410),(674,'Mario','MOLLA YANES','','2002-04-13',2,154,419),(675,'Jessica','VALL MONTERO','Jessi, Xess, Ranita (little frog)','1988-11-22',1,154,419),(676,'Carmen','WEILER SASTRE','','2004-10-25',1,154,NULL),(677,'Africa','ZAMORANO SANZ','','1998-01-11',1,154,419),(678,'Micah','MASEI','','1999-03-22',2,155,421),(679,'Adam','PEATY','','1994-12-28',2,93,422),(680,'Zaid Faisal M','ALSARRAJ','','2007-11-20',2,156,NULL),(681,'Mashael Meshari A','ALAYED','','2006-12-18',1,156,NULL),(682,'Antoine','de LAPPARENT','','2006-02-19',2,157,NULL),(683,'Yousuf','ALMATROOSHI','','2003-06-01',2,158,423),(684,'Aimee','CANNY','','2003-11-21',1,159,424),(685,'Matthew','SATES','Matt','2003-07-28',2,159,425),(686,'Pieter','COETZE','Oom (Afrikaans for \'uncle\', a name given to him by South African swimmer Chad le Clos, who was surprised by his big build)','2004-05-13',2,159,426),(687,'Rebecca','MEDER','','2002-07-31',1,159,427),(688,'Erin','GALLAGHER','','1998-12-18',1,159,428),(689,'Chad','le CLOS','','1992-04-12',2,159,429),(690,'Tatjana','SMITH','','1997-07-09',1,159,430),(691,'Kaylene','CORBETT','','1999-06-15',1,159,431),(692,'Oumy','DIOP','','2003-08-29',1,160,NULL),(693,'Tatsuya','MURASA','','2007-03-27',2,81,NULL),(694,'Taku','TANIGUCHI','','2001-09-26',2,81,432),(695,'Mizuki','HIRAI','','2007-03-07',1,81,433),(696,'Tomoyuki','MATSUSHITA','','2005-08-01',2,81,434),(697,'Riku','MATSUYAMA','','2001-09-29',2,81,NULL),(698,'Shiho','MATSUMOTO','','2002-04-03',1,81,97),(699,'Konosuke','YANAGIMOTO','','2003-11-24',2,81,435),(700,'Kyle','MICALLEF','','2001-06-20',2,136,NULL),(701,'Harry','STACEY','','2000-03-21',2,161,NULL),(702,'Jaouad','SYOUD','','1999-09-17',2,162,NULL),(703,'Joselle','MENSAH','','2003-09-26',1,161,NULL),(704,'Nesrine','MEDJAHED','','1999-08-28',1,162,NULL),(705,'Nikola','GJURETANOVIKJ','','2007-11-07',2,163,NULL),(706,'Ariana Southa','DIRKZWAGER','','2004-02-26',1,164,436),(707,'Emily','SANTOS SILVA','','2005-07-15',1,165,437),(708,'Bernhard Tyler','CHRISTIANSON','','2001-12-09',2,165,NULL),(709,'Pedro','ROGERY','','1998-11-28',2,166,NULL),(710,'Magnim Jordano','DAOU','','2004-07-11',2,167,NULL),(711,'Johann','STICKLAND','','2003-03-04',2,168,NULL),(712,'Aristote','NDOMBE IMPELENGA','','2001-09-30',2,169,NULL),(713,'Kaiya','BROWN','','2004-04-17',1,168,NULL),(714,'Adele Sodalo Agnes','GAITOU','','2007-02-06',1,167,NULL),(715,'Hasan Ali Khaleel','AL-ZINKEE','','2004-02-14',2,170,NULL),(716,'Margaret','MAC NEIL','Maggie, Mags, Maggers','2000-02-26',1,171,439),(717,'Ilya','KHARUN','','2005-02-07',2,171,440),(718,'Emma','O\'CROININ','','2003-05-22',1,171,441),(719,'Javier','ACEVEDO','Javi','1998-01-28',2,171,442),(720,'Finlay','KNOX','','2001-01-08',2,171,443),(721,'Josh','LIENDO','','2002-08-20',2,171,444),(722,'Sophie','ANGUS','','1999-03-12',1,171,445),(723,'Taylor','RUCK','T-Ruck','2000-05-28',1,171,446),(724,'Kelsey','WOG','','1998-09-19',1,171,447),(725,'Mary-Sophie','HARVEY','','1999-08-11',1,171,448),(726,'Julie','BROUSSEAU','','2006-01-09',1,171,449),(727,'Ella','JANSEN','Ila','2005-09-01',1,171,450),(728,'Penny','OLEKSIAK','Pen','2000-06-13',1,171,442),(729,'Kylie','MASSE','Ky','1996-01-18',1,171,451),(730,'Sydney','PICKREM','Syd','1997-05-21',1,171,452),(731,'Rebecca','SMITH','Becs','2000-03-14',1,171,453),(732,'Ingrid','WILM','Ingy','1998-06-08',1,171,454),(733,'Tristan','JANKOVICS','','2004-05-10',2,171,455),(734,'Yuri','KISIL','The Missile','1995-09-18',2,171,454),(735,'Summer','McINTOSH','','2006-08-18',1,171,456),(736,'Lorne','WIGGINTON','','2005-10-27',2,171,454),(737,'Alex','AXON','Fred','2003-06-01',2,171,456),(738,'Brooklyn','DOUTHWRIGHT','','2003-05-20',1,171,457),(739,'Blake','TIERNEY','','2002-01-10',2,171,458),(740,'Apollo','HESS','','2002-07-15',2,171,459),(741,'Patrick','HUSSEY','Pat','2001-03-01',2,171,460),(742,'Jeremy','BAGSHAW','Bugs','1992-04-21',2,171,4),(743,'Anicka','DELGADO','Ani','2002-06-13',1,172,461),(744,'Alexander','SHAH','','2002-10-29',2,173,NULL),(745,'Tomas','PERIBONIO AVILA','Tomy, Tom','1996-01-16',2,172,463),(746,'Kyle','ABEYSINGHE','','2000-02-04',2,174,NULL),(747,'Ganga','SENAVIRATHNE','','2003-05-27',1,174,NULL),(748,'Nikolas','ANTONIOU','Nik','2004-01-20',2,175,465),(749,'Kalia','ANTONIOU','','2000-04-06',1,175,465),(750,'Ovesh','PURAHOO','','2001-08-13',2,102,NULL),(751,'Ramil','VALIZADA','','2004-02-16',2,176,NULL),(752,'Janna','van KOOTEN','','2004-08-14',1,177,NULL),(753,'Sam','van NUNEN','','2001-03-15',1,177,467),(754,'Imani','de JONG','','2002-05-28',1,177,NULL),(755,'Kim','BUSCH','','1998-06-16',1,177,468),(756,'Marrit','STEENBERGEN','','2000-01-11',1,177,469),(757,'Maaike','de WAARD','','1996-10-11',1,177,470),(758,'Valerie','van ROON','','1998-08-13',1,177,471),(759,'Tes','SCHOUTEN','','2000-12-31',1,177,472),(760,'Kira','TOUSSAINT','','1994-05-22',1,177,473),(761,'Tessa','GIELE','','2002-11-01',1,177,NULL),(762,'Silke','HOLKENBORG','','2001-08-31',1,177,NULL),(763,'Nyls','KORSTANJE','The Flying Dutchman','1999-02-05',2,177,474),(764,'Sean','NIEWOLD','','2002-04-20',2,177,NULL),(765,'Caspar','CORBEAU','','2001-04-03',2,177,475),(766,'Arno','KAMMINGA','','1995-10-22',2,177,476),(767,'Kenzo','SIMONS','','2001-04-13',2,177,477),(768,'Kai','van WESTERING','','2003-10-11',2,177,NULL),(769,'Stan','PIJNENBURG','','1996-11-04',2,177,478),(770,'Renzo','TJON-A-JOE','Roos','1995-07-08',2,177,477),(771,'Adrian','ROBINSON','','2000-04-11',2,178,NULL),(772,'Jarod','HATCH','','1998-12-10',2,179,NULL),(773,'Kayla','SANCHEZ','','2001-04-07',1,179,4),(774,'Duana','LAMA','','2006-07-14',1,173,NULL),(775,'Maxine','EGNER','','2004-07-12',1,178,NULL),(776,'Tiago','BEHAR','','2002-03-05',2,180,480),(777,'Thierry','BOLLIN','','2000-01-11',2,180,481),(778,'Jeremy','DESPLANCHES','Jech','1994-08-07',2,180,482),(779,'Antonio','DJAKOVIC','','2002-10-08',2,180,483),(780,'Omar','ABBAS','','1999-03-02',2,181,NULL),(781,'Simon','DOUEIHY','','2002-05-24',2,182,NULL),(782,'Lynn','EL HAJJ','','2007-03-05',1,182,NULL),(783,'Oscar Cyusa','PEYRE MITILLA','','2005-04-27',2,183,NULL),(784,'Lois Eliora','IRISHURA','','2010-04-15',1,184,NULL),(785,'Nils','LIESS','','1996-08-24',2,180,482),(786,'Lisa','MAMIE','','1998-10-27',1,180,485),(787,'Roman','MITYUKOV','','2000-07-30',2,180,NULL),(788,'Noe','PONTI','','2001-06-01',2,180,486),(789,'Belly-Cresus','GANIRA','','2000-03-25',2,184,NULL),(790,'Janja','SEGEL','','2001-06-17',1,185,487),(791,'Katja','FAIN','','2001-08-31',1,185,NULL),(792,'Mariam','SHEIKHALIZADEHKHANGHAH','','2004-07-18',1,176,119),(793,'Neza','KLANCAR','','2000-02-19',1,185,NULL),(794,'Saso','BOSKAN','','2002-12-12',2,185,NULL),(795,'Tjasa','PINTAR','','1997-02-15',1,185,488),(796,'Jonny','MARSHALL','Jonny','2004-11-15',2,93,489),(797,'Honey','OSRIN','','2003-02-24',1,93,427),(798,'Carlos','D\'AMBROSIO','','2007-02-05',2,115,490),(799,'Angharad','EVANS','','2003-04-25',1,93,491),(800,'Max','LITCHFIELD','','1995-03-04',2,93,155),(801,'Jere','HRIBAR','','2004-01-19',2,119,492),(802,'Muhammad Ahmed','DURRANI','','2006-01-03',2,101,NULL),(803,'Fernando','SCHEFFER','','1998-04-06',2,150,493),(804,'Rouxin','TAN','','2006-07-06',1,41,NULL),(805,'Mohamed Aan','HUSSAIN','','2004-07-11',2,59,NULL),(806,'Maha','ALSHEHHI','','2006-07-12',1,158,NULL),(807,'Regan','RATHWELL','','2004-02-11',1,171,494),(808,'Anastasiya','ZELINSKAYA','','2004-04-21',1,36,495),(809,'Adell','SABOVIC','','2002-08-25',2,43,NULL),(810,'Kaelyn Ciara Suryanti','DJOPARTO','','2006-06-01',1,63,NULL),(811,'Woomin','KIM','','2001-08-24',2,91,496),(812,'Jion','HOSEI','','2007-05-19',2,65,NULL),(813,'Chadd','NG CHIU HING NING','','2006-06-29',2,30,NULL),(814,'Divine','MIANSADI','','2004-09-04',1,169,NULL),(815,'Apsara Katarina','SAKBUN','','2001-02-21',1,157,497),(816,'Gabriel','CASTANO GARCIA','Gabe','1997-11-01',2,3,498),(817,'Jose','TATI','','2007-08-30',2,58,NULL),(818,'Yousef','ABUBAKER','','2006-07-19',2,49,NULL),(819,'Jamila','BOULAKBECH','','2006-12-19',1,186,NULL),(820,'Antsa','RABEJAONA','','2002-06-05',1,111,NULL),(821,'Lidwine','UMUHOZA UWASE','','1999-06-13',1,183,NULL),(822,'Mayah','CHOULOUTE','','2009-11-18',1,124,499),(823,'Elhadj N\'gnane','DIALLO','','2003-06-15',2,187,NULL),(824,'Djenabou Jolie','BAH','','2009-10-03',1,187,NULL),(825,'Noelie Annette','LACOUR','','2006-12-01',1,7,NULL),(826,'Nika','SHARAFUTDINOVA','','2005-06-14',1,51,500),(827,'Hadji','HASSANE','','1997-11-13',2,1,NULL),(828,'An-Chi','HAN','Angie Coe','2004-09-04',1,76,501),(829,'Tobi','SIJUADE','Tobi','2002-02-23',2,61,NULL),(830,'Khema','ELIZABETH','','2005-01-27',1,44,NULL),(831,'Matthieu','SEYE','','2002-01-27',2,160,NULL),(832,'Azzahra','PERMATAHANI','Zahra','2002-01-07',1,126,265),(833,'Evgenii','SOMOV','','1999-01-28',2,14,502),(834,'Phone Pyae','HAN','Chint Chint','2008-10-09',2,188,NULL),(835,'Isabella','MILLAR','','2007-11-08',1,189,NULL),(836,'Steven','INSIXIENGMAY','','2004-01-21',2,164,NULL);
/*!40000 ALTER TABLE `information` ENABLE KEYS */;
UNLOCK TABLES;

--
-- Table structure for table `information_events`
--

DROP TABLE IF EXISTS `information_events`;
/*!40101 SET @saved_cs_client     = @@character_set_client */;
/*!50503 SET character_set_client = utf8mb4 */;
CREATE TABLE `information_events` (
  `Information_id` int NOT NULL,
  `Event_id` int NOT NULL,
  PRIMARY KEY (`Information_id`,`Event_id`),
  KEY `fk_Information_has_Events_Events1_idx` (`Event_id`),
  KEY `fk_Information_has_Events_Information1_idx` (`Information_id`),
  CONSTRAINT `fk_Information_has_Events_Events1` FOREIGN KEY (`Event_id`) REFERENCES `events` (`Event_id`),
  CONSTRAINT `fk_Information_has_Events_Information1` FOREIGN KEY (`Information_id`) REFERENCES `information` (`Information_id`)
) ENGINE=InnoDB DEFAULT CHARSET=utf8mb3;
/*!40101 SET character_set_client = @saved_cs_client */;

--
-- Dumping data for table `information_events`
--

LOCK TABLES `information_events` WRITE;
/*!40000 ALTER TABLE `information_events` DISABLE KEYS */;
INSERT INTO `information_events` VALUES (1,1),(9,1),(11,1),(16,1),(25,1),(35,1),(39,1),(45,1),(58,1),(79,1),(96,1),(98,1),(99,1),(110,1),(112,1),(122,1),(169,1),(178,1),(205,1),(225,1),(259,1),(321,1),(323,1),(325,1),(326,1),(337,1),(369,1),(384,1),(387,1),(434,1),(436,1),(445,1),(446,1),(452,1),(503,1),(505,1),(509,1),(521,1),(527,1),(607,1),(623,1),(649,1),(703,1),(713,1),(714,1),(743,1),(758,1),(784,1),(792,1),(810,1),(814,1),(815,1),(820,1),(821,1),(822,1),(824,1),(825,1),(830,1),(835,1),(2,2),(7,2),(8,2),(10,2),(17,2),(26,2),(27,2),(38,2),(42,2),(49,2),(67,2),(91,2),(93,2),(147,2),(159,2),(171,2),(215,2),(216,2),(238,2),(239,2),(244,2),(249,2),(281,2),(314,2),(324,2),(373,2),(385,2),(435,2),(444,2),(510,2),(513,2),(567,2),(613,2),(619,2),(624,2),(645,2),(700,2),(709,2),(710,2),(712,2),(767,2),(770,2),(789,2),(801,2),(805,2),(812,2),(816,2),(817,2),(823,2),(829,2),(3,3),(23,3),(76,3),(81,3),(88,3),(130,3),(150,3),(174,3),(224,3),(240,3),(246,3),(287,3),(310,3),(313,3),(386,3),(401,3),(419,3),(443,3),(448,3),(469,3),(495,3),(530,3),(581,3),(592,3),(616,3),(678,3),(679,3),(694,3),(765,3),(766,3),(771,3),(813,3),(833,3),(836,3),(4,4),(6,4),(14,4),(18,4),(20,4),(21,4),(34,4),(44,4),(46,4),(56,4),(63,4),(97,4),(100,4),(102,4),(119,4),(127,4),(128,4),(141,4),(173,4),(248,4),(282,4),(286,4),(293,4),(297,4),(306,4),(320,4),(349,4),(367,4),(371,4),(375,4),(379,4),(383,4),(392,4),(404,4),(413,4),(437,4),(440,4),(449,4),(459,4),(473,4),(504,4),(523,4),(532,4),(538,4),(584,4),(596,4),(604,4),(606,4),(614,4),(620,4),(637,4),(639,4),(667,4),(680,4),(682,4),(683,4),(701,4),(711,4),(734,4),(744,4),(746,4),(748,4),(750,4),(764,4),(781,4),(809,4),(818,4),(827,4),(831,4),(834,4),(5,5),(12,5),(22,5),(51,5),(54,5),(61,5),(89,5),(104,5),(137,5),(146,5),(167,5),(193,5),(198,5),(219,5),(231,5),(308,5),(363,5),(389,5),(406,5),(420,5),(441,5),(482,5),(499,5),(549,5),(550,5),(580,5),(609,5),(618,5),(675,5),(690,5),(707,5),(722,5),(759,5),(782,5),(786,5),(799,5),(804,5),(13,6),(24,6),(33,6),(47,6),(68,6),(82,6),(90,6),(108,6),(129,6),(138,6),(155,6),(228,6),(268,6),(272,6),(336,6),(343,6),(378,6),(381,6),(398,6),(399,6),(455,6),(462,6),(494,6),(522,6),(541,6),(551,6),(573,6),(583,6),(630,6),(676,6),(729,6),(732,6),(747,6),(757,6),(760,6),(826,6),(15,7),(60,7),(121,7),(199,7),(290,7),(485,7),(556,7),(578,7),(626,7),(808,7),(19,8),(62,8),(70,8),(74,8),(78,8),(95,8),(118,8),(124,8),(149,8),(175,8),(220,8),(226,8),(243,8),(256,8),(263,8),(279,8),(291,8),(302,8),(315,8),(357,8),(360,8),(370,8),(377,8),(380,8),(403,8),(415,8),(460,8),(488,8),(514,8),(526,8),(531,8),(563,8),(574,8),(617,8),(627,8),(646,8),(650,8),(670,8),(686,8),(697,8),(719,8),(739,8),(768,8),(777,8),(787,8),(796,8),(28,9),(69,9),(73,9),(77,9),(86,9),(103,9),(170,9),(177,9),(207,9),(265,9),(322,9),(412,9),(414,9),(491,9),(493,9),(508,9),(525,9),(537,9),(568,9),(633,9),(705,9),(29,10),(32,10),(133,10),(142,10),(145,10),(166,10),(274,10),(391,10),(395,10),(439,10),(442,10),(451,10),(457,10),(542,10),(552,10),(589,10),(594,10),(704,10),(749,10),(756,10),(773,10),(775,10),(793,10),(30,11),(53,11),(84,11),(139,11),(143,11),(151,11),(157,11),(158,11),(208,11),(210,11),(211,11),(213,11),(264,11),(273,11),(280,11),(331,11),(340,11),(341,11),(366,11),(393,11),(394,11),(396,11),(397,11),(423,11),(425,11),(426,11),(430,11),(458,11),(463,11),(486,11),(558,11),(566,11),(588,11),(590,11),(631,11),(635,11),(641,11),(644,11),(723,11),(728,11),(738,11),(753,11),(755,11),(790,11),(791,11),(795,11),(31,12),(50,12),(85,12),(113,12),(116,12),(131,12),(250,12),(276,12),(355,12),(665,12),(769,12),(785,12),(36,13),(55,13),(71,13),(101,13),(111,13),(183,13),(222,13),(237,13),(260,13),(298,13),(300,13),(327,13),(372,13),(432,13),(472,13),(500,13),(519,13),(561,13),(640,13),(681,13),(684,13),(706,13),(725,13),(774,13),(806,13),(37,14),(57,14),(64,14),(92,14),(164,14),(184,14),(275,14),(307,14),(328,14),(347,14),(353,14),(411,14),(470,14),(478,14),(540,14),(591,14),(653,14),(40,15),(41,15),(144,15),(160,15),(195,15),(212,15),(301,15),(316,15),(43,16),(106,16),(114,16),(156,16),(201,16),(202,16),(206,16),(218,16),(236,16),(241,16),(271,16),(295,16),(319,16),(351,16),(359,16),(388,16),(438,16),(450,16),(454,16),(456,16),(467,16),(474,16),(518,16),(529,16),(539,16),(562,16),(586,16),(612,16),(638,16),(674,16),(685,16),(689,16),(715,16),(717,16),(721,16),(763,16),(772,16),(783,16),(788,16),(48,17),(107,17),(120,17),(140,17),(190,17),(203,17),(245,17),(364,17),(433,17),(468,17),(487,17),(535,17),(575,17),(600,17),(615,17),(708,17),(52,18),(59,18),(65,18),(125,18),(192,18),(209,18),(221,18),(277,18),(304,18),(346,18),(382,18),(421,18),(429,18),(477,18),(498,18),(506,18),(512,18),(528,18),(560,18),(571,18),(621,18),(647,18),(658,18),(661,18),(688,18),(692,18),(695,18),(716,18),(731,18),(761,18),(66,19),(80,19),(204,19),(269,19),(368,19),(447,19),(464,19),(471,19),(548,19),(597,19),(629,19),(657,19),(702,19),(720,19),(745,19),(778,19),(72,20),(185,20),(187,20),(285,20),(289,20),(292,20),(492,20),(553,20),(559,20),(569,20),(602,20),(735,20),(75,21),(109,21),(117,21),(123,21),(197,21),(252,21),(267,21),(288,21),(330,21),(335,21),(374,21),(376,21),(407,21),(497,21),(524,21),(544,21),(599,21),(628,21),(663,21),(687,21),(698,21),(828,21),(832,21),(83,22),(148,22),(348,22),(502,22),(87,23),(126,23),(262,23),(299,23),(334,23),(400,23),(484,23),(516,23),(520,23),(543,23),(546,23),(585,23),(625,23),(94,24),(105,24),(115,24),(165,24),(172,24),(188,24),(200,24),(217,24),(251,24),(294,24),(356,24),(390,24),(405,24),(409,24),(496,24),(517,24),(534,24),(622,24),(643,24),(669,24),(751,24),(132,25),(186,25),(233,25),(270,25),(309,25),(365,25),(418,25),(453,25),(479,25),(593,25),(651,25),(134,26),(135,26),(136,26),(152,26),(161,26),(162,26),(168,26),(242,26),(266,26),(303,26),(317,26),(333,26),(352,26),(358,26),(362,26),(402,26),(408,26),(410,26),(475,26),(483,26),(533,26),(572,26),(576,26),(582,26),(603,26),(605,26),(632,26),(636,26),(648,26),(652,26),(656,26),(660,26),(664,26),(668,26),(153,27),(163,27),(227,27),(247,27),(342,27),(361,27),(634,27),(659,27),(740,27),(154,28),(176,28),(254,28),(284,28),(296,28),(329,28),(332,28),(339,28),(427,28),(461,28),(545,28),(577,28),(611,28),(677,28),(797,28),(807,28),(179,29),(180,29),(181,29),(182,29),(194,29),(229,29),(232,29),(318,29),(338,29),(344,29),(345,29),(422,29),(428,29),(431,29),(489,29),(507,29),(511,29),(515,29),(547,29),(555,29),(557,29),(565,29),(662,29),(666,29),(671,29),(673,29),(718,29),(726,29),(752,29),(754,29),(762,29),(189,30),(230,30),(235,30),(253,30),(255,30),(257,30),(258,30),(278,30),(311,30),(350,30),(354,30),(465,30),(481,30),(490,30),(598,30),(601,30),(608,30),(610,30),(642,30),(654,30),(655,30),(672,30),(693,30),(699,30),(736,30),(737,30),(741,30),(742,30),(776,30),(798,30),(803,30),(191,31),(196,31),(501,31),(579,31),(727,31),(214,32),(424,32),(466,32),(554,32),(570,32),(691,32),(724,32),(730,32),(223,33),(234,33),(283,33),(305,33),(416,33),(417,33),(476,33),(536,33),(587,33),(595,33),(779,33),(780,33),(794,33),(802,33),(811,33),(261,34),(312,34),(480,34),(564,34),(696,34),(733,34),(800,34),(819,35),(3,36),(130,36),(150,36),(356,36),(443,36),(530,36),(581,36),(765,36),(766,36),(5,37),(12,37),(22,37),(51,37),(137,37),(193,37),(219,37),(389,37),(482,37),(580,37),(618,37),(675,37),(690,37),(759,37),(786,37),(6,38),(21,38),(34,38),(85,38),(141,38),(266,38),(333,38),(351,38),(355,38),(371,38),(379,38),(392,38),(408,38),(413,38),(467,38),(473,38),(562,38),(604,38),(612,38),(637,38),(652,38),(721,38),(777,38),(833,38),(14,39),(56,39),(202,39),(248,39),(282,39),(297,39),(309,39),(473,39),(538,39),(606,39),(614,39),(15,40),(87,40),(126,40),(290,40),(299,40),(334,40),(400,40),(484,40),(485,40),(516,40),(519,40),(546,40),(561,40),(585,40),(640,40),(24,41),(108,41),(155,41),(228,41),(231,41),(343,41),(398,41),(494,41),(583,41),(676,41),(729,41),(30,42),(31,42),(40,42),(41,42),(50,42),(53,42),(84,42),(113,42),(116,42),(131,42),(134,42),(135,42),(136,42),(139,42),(143,42),(144,42),(151,42),(152,42),(158,42),(160,42),(161,42),(162,42),(168,42),(179,42),(180,42),(181,42),(182,42),(189,42),(194,42),(195,42),(208,42),(211,42),(212,42),(213,42),(229,42),(230,42),(232,42),(235,42),(242,42),(250,42),(253,42),(255,42),(257,42),(258,42),(264,42),(273,42),(276,42),(278,42),(280,42),(301,42),(303,42),(311,42),(316,42),(317,42),(318,42),(338,42),(340,42),(341,42),(344,42),(345,42),(350,42),(352,42),(354,42),(358,42),(362,42),(366,42),(393,42),(394,42),(396,42),(397,42),(402,42),(410,42),(422,42),(425,42),(426,42),(428,42),(430,42),(431,42),(458,42),(463,42),(465,42),(475,42),(481,42),(483,42),(489,42),(490,42),(507,42),(511,42),(515,42),(533,42),(547,42),(555,42),(557,42),(558,42),(565,42),(566,42),(572,42),(576,42),(582,42),(590,42),(598,42),(601,42),(603,42),(605,42),(608,42),(610,42),(631,42),(632,42),(635,42),(636,42),(641,42),(642,42),(644,42),(648,42),(654,42),(655,42),(656,42),(660,42),(662,42),(664,42),(665,42),(666,42),(668,42),(671,42),(672,42),(673,42),(693,42),(699,42),(718,42),(726,42),(728,42),(736,42),(737,42),(738,42),(741,42),(742,42),(752,42),(753,42),(754,42),(762,42),(769,42),(776,42),(785,42),(790,42),(791,42),(795,42),(798,42),(803,42),(52,43),(221,43),(231,43),(237,43),(466,43),(554,43),(570,43),(583,43),(730,43),(735,43),(756,43),(5,44),(51,44),(52,44),(53,44),(68,44),(126,44),(137,44),(138,44),(142,44),(155,44),(166,44),(167,44),(192,44),(193,44),(208,44),(211,44),(214,44),(264,44),(268,44),(277,44),(304,44),(308,44),(335,44),(336,44),(340,44),(343,44),(346,44),(393,44),(395,44),(396,44),(397,44),(406,44),(426,44),(427,44),(429,44),(462,44),(466,44),(477,44),(482,44),(492,44),(494,44),(498,44),(499,44),(528,44),(541,44),(542,44),(544,44),(549,44),(551,44),(552,44),(560,44),(570,44),(571,44),(573,44),(580,44),(583,44),(588,44),(589,44),(695,44),(716,44),(722,44),(725,44),(728,44),(729,44),(732,44),(735,44),(756,44),(757,44),(759,44),(761,44),(799,44),(57,45),(64,45),(69,45),(92,45),(184,45),(223,45),(307,45),(322,45),(328,45),(347,45),(411,45),(470,45),(537,45),(540,45),(568,45),(591,45),(653,45),(68,46),(133,46),(138,46),(142,46),(166,46),(260,46),(274,46),(298,46),(335,46),(336,46),(346,46),(466,46),(477,46),(498,46),(528,46),(542,46),(544,46),(552,46),(571,46),(589,46),(594,46),(716,46),(725,46),(735,46),(756,46),(761,46),(793,46),(74,47),(95,47),(149,47),(256,47),(279,47),(291,47),(357,47),(360,47),(403,47),(488,47),(514,47),(531,47),(563,47),(646,47),(670,47),(686,47),(739,47),(768,47),(787,47),(105,48),(223,48),(309,48),(328,48),(347,48),(390,48),(540,48),(591,48),(614,48),(779,48),(811,48),(114,49),(118,49),(149,49),(150,49),(156,49),(162,49),(201,49),(202,49),(246,49),(248,49),(256,49),(279,49),(282,49),(283,49),(303,49),(306,49),(310,49),(313,49),(315,49),(349,49),(351,49),(356,49),(357,49),(359,49),(401,49),(403,49),(404,49),(409,49),(459,49),(460,49),(467,49),(469,49),(474,49),(488,49),(495,49),(529,49),(530,49),(531,49),(538,49),(539,49),(562,49),(574,49),(581,49),(584,49),(586,49),(667,49),(670,49),(674,49),(679,49),(694,49),(697,49),(717,49),(719,49),(720,49),(721,49),(739,49),(763,49),(765,49),(768,49),(778,49),(779,49),(787,49),(118,50),(529,50),(138,51),(381,51),(136,52),(139,52),(140,52),(144,52),(153,52),(163,52),(166,52),(167,52),(192,52),(227,52),(231,52),(236,52),(240,52),(246,52),(247,52),(250,52),(254,52),(268,52),(274,52),(276,52),(283,52),(287,52),(304,52),(313,52),(315,52),(316,52),(336,52),(342,52),(346,52),(356,52),(357,52),(361,52),(401,52),(415,52),(421,52),(426,52),(458,52),(467,52),(469,52),(477,52),(488,52),(494,52),(495,52),(498,52),(528,52),(530,52),(531,52),(538,52),(542,52),(549,52),(571,52),(573,52),(575,52),(581,52),(583,52),(584,52),(586,52),(589,52),(626,52),(634,52),(643,52),(644,52),(646,52),(647,52),(649,52),(659,52),(694,52),(695,52),(697,52),(716,52),(720,52),(721,52),(723,52),(729,52),(739,52),(740,52),(756,52),(760,52),(761,52),(763,52),(765,52),(768,52),(141,53),(234,53),(236,53),(241,53),(263,53),(269,53),(282,53),(283,53),(286,53),(291,53),(297,53),(305,53),(306,53),(349,53),(403,53),(404,53),(413,53),(459,53),(460,53),(467,53),(473,53),(532,53),(536,53),(538,53),(584,53),(596,53),(604,53),(606,53),(637,53),(639,53),(667,53),(674,53),(719,53),(720,53),(721,53),(734,53),(156,54),(218,54),(241,54),(351,54),(438,54),(454,54),(518,54),(612,54),(721,54),(68,55),(133,55),(142,55),(157,55),(166,55),(210,55),(274,55),(331,55),(336,55),(423,55),(439,55),(486,55),(498,55),(528,55),(552,55),(588,55),(594,55),(723,55),(755,55),(793,55),(164,56),(295,56),(474,56),(586,56),(685,56),(717,56),(788,56),(175,57),(240,57),(283,57),(356,57),(405,57),(517,57),(595,57),(670,57),(685,57),(187,58),(195,58),(199,58),(231,58),(237,58),(260,58),(264,58),(267,58),(272,58),(273,58),(288,58),(290,58),(298,58),(299,58),(300,58),(334,58),(366,58),(426,58),(472,58),(484,58),(485,58),(486,58),(492,58),(500,58),(516,58),(519,58),(542,58),(546,58),(556,58),(561,58),(578,58),(585,58),(589,58),(594,58),(626,58),(640,58),(641,58),(644,58),(725,58),(727,58),(735,58),(756,58),(204,59),(356,59),(368,59),(405,59),(471,59),(517,59),(537,59),(597,59),(657,59),(209,60),(277,60),(494,60),(506,60),(528,60),(658,60),(661,60),(221,61),(336,61),(346,61),(477,61),(498,61),(716,61),(222,62),(299,62),(334,62),(484,62),(516,62),(519,62),(546,62),(561,62),(640,62),(735,62),(52,63),(231,63),(262,63),(267,63),(284,63),(407,63),(570,63),(602,63),(663,63),(735,63),(202,64),(234,64),(236,64),(241,64),(248,64),(265,64),(269,64),(271,64),(282,64),(283,64),(305,64),(306,64),(309,64),(358,64),(362,64),(416,64),(417,64),(471,64),(473,64),(476,64),(493,64),(534,64),(536,64),(537,64),(538,64),(540,64),(568,64),(572,64),(582,64),(587,64),(595,64),(614,64),(616,64),(633,64),(648,64),(653,64),(664,64),(668,64),(778,64),(779,64),(785,64),(811,64),(291,65),(221,66),(395,66),(442,66),(542,66),(546,66),(589,66);
/*!40000 ALTER TABLE `information_events` ENABLE KEYS */;
UNLOCK TABLES;

--
-- Table structure for table `information_languages`
--

DROP TABLE IF EXISTS `information_languages`;
/*!40101 SET @saved_cs_client     = @@character_set_client */;
/*!50503 SET character_set_client = utf8mb4 */;
CREATE TABLE `information_languages` (
  `Information_id` int NOT NULL,
  `Language_id` int NOT NULL,
  PRIMARY KEY (`Information_id`,`Language_id`),
  KEY `fk_Information_has_Languages_Languages1_idx` (`Language_id`),
  KEY `fk_Information_has_Languages_Information1_idx` (`Information_id`),
  CONSTRAINT `fk_Information_has_Languages_Information1` FOREIGN KEY (`Information_id`) REFERENCES `information` (`Information_id`),
  CONSTRAINT `fk_Information_has_Languages_Languages1` FOREIGN KEY (`Language_id`) REFERENCES `languages` (`Language_id`)
) ENGINE=InnoDB DEFAULT CHARSET=utf8mb3;
/*!40101 SET character_set_client = @saved_cs_client */;

--
-- Dumping data for table `information_languages`
--

LOCK TABLES `information_languages` WRITE;
/*!40000 ALTER TABLE `information_languages` DISABLE KEYS */;
INSERT INTO `information_languages` VALUES (101,1),(102,1),(7,2),(18,2),(43,2),(48,2),(90,2),(120,2),(183,2),(184,2),(216,2),(224,2),(346,2),(441,2),(627,2),(680,2),(704,2),(715,2),(780,2),(781,2),(818,2),(819,2),(382,3),(383,3),(792,4),(22,5),(23,5),(506,6),(105,7),(106,7),(107,7),(108,7),(834,8),(393,9),(395,9),(396,9),(397,9),(675,10),(677,10),(438,11),(439,11),(779,11),(218,12),(219,12),(220,12),(221,12),(208,13),(209,13),(210,13),(211,13),(212,13),(213,13),(214,13),(442,13),(443,13),(34,14),(119,14),(223,14),(381,14),(503,14),(752,14),(753,14),(754,14),(755,14),(756,14),(757,14),(758,14),(759,14),(760,14),(761,14),(762,14),(763,14),(764,14),(765,14),(766,14),(767,14),(769,14),(770,14),(810,14),(2,15),(5,15),(6,15),(13,15),(14,15),(17,15),(18,15),(21,15),(22,15),(27,15),(28,15),(30,15),(31,15),(32,15),(33,15),(34,15),(39,15),(40,15),(41,15),(47,15),(48,15),(49,15),(50,15),(51,15),(52,15),(53,15),(55,15),(56,15),(60,15),(61,15),(62,15),(65,15),(68,15),(70,15),(71,15),(74,15),(75,15),(76,15),(77,15),(81,15),(84,15),(85,15),(87,15),(88,15),(89,15),(91,15),(92,15),(93,15),(94,15),(96,15),(100,15),(105,15),(106,15),(107,15),(109,15),(111,15),(114,15),(115,15),(118,15),(119,15),(120,15),(126,15),(129,15),(130,15),(131,15),(133,15),(134,15),(136,15),(137,15),(138,15),(139,15),(140,15),(141,15),(142,15),(144,15),(146,15),(149,15),(152,15),(156,15),(157,15),(160,15),(162,15),(163,15),(164,15),(165,15),(166,15),(169,15),(170,15),(171,15),(174,15),(177,15),(181,15),(182,15),(184,15),(192,15),(210,15),(213,15),(216,15),(217,15),(219,15),(221,15),(223,15),(224,15),(227,15),(228,15),(229,15),(230,15),(231,15),(234,15),(236,15),(237,15),(239,15),(240,15),(241,15),(243,15),(255,15),(260,15),(261,15),(264,15),(265,15),(266,15),(267,15),(268,15),(269,15),(270,15),(271,15),(272,15),(273,15),(274,15),(275,15),(276,15),(277,15),(278,15),(279,15),(280,15),(281,15),(282,15),(283,15),(284,15),(285,15),(286,15),(287,15),(288,15),(289,15),(290,15),(291,15),(294,15),(297,15),(299,15),(300,15),(303,15),(305,15),(306,15),(308,15),(310,15),(314,15),(315,15),(317,15),(319,15),(320,15),(321,15),(322,15),(323,15),(324,15),(328,15),(329,15),(330,15),(331,15),(333,15),(334,15),(335,15),(336,15),(337,15),(346,15),(349,15),(355,15),(356,15),(359,15),(365,15),(367,15),(368,15),(371,15),(376,15),(377,15),(378,15),(379,15),(383,15),(384,15),(387,15),(388,15),(389,15),(390,15),(392,15),(393,15),(394,15),(395,15),(396,15),(397,15),(400,15),(401,15),(403,15),(405,15),(406,15),(407,15),(409,15),(412,15),(418,15),(419,15),(427,15),(432,15),(433,15),(436,15),(437,15),(438,15),(441,15),(442,15),(443,15),(448,15),(449,15),(454,15),(455,15),(456,15),(457,15),(458,15),(459,15),(460,15),(461,15),(462,15),(463,15),(464,15),(465,15),(466,15),(467,15),(468,15),(469,15),(470,15),(471,15),(472,15),(473,15),(474,15),(475,15),(476,15),(477,15),(478,15),(479,15),(480,15),(481,15),(482,15),(483,15),(484,15),(485,15),(486,15),(487,15),(488,15),(489,15),(490,15),(491,15),(492,15),(493,15),(494,15),(495,15),(496,15),(497,15),(498,15),(499,15),(500,15),(501,15),(502,15),(503,15),(504,15),(505,15),(506,15),(507,15),(511,15),(512,15),(513,15),(514,15),(515,15),(516,15),(517,15),(518,15),(519,15),(520,15),(522,15),(524,15),(525,15),(526,15),(527,15),(546,15),(559,15),(560,15),(561,15),(562,15),(563,15),(564,15),(565,15),(566,15),(567,15),(568,15),(569,15),(570,15),(571,15),(572,15),(573,15),(574,15),(575,15),(576,15),(577,15),(578,15),(579,15),(580,15),(581,15),(582,15),(583,15),(584,15),(585,15),(586,15),(587,15),(588,15),(589,15),(590,15),(591,15),(592,15),(593,15),(594,15),(595,15),(596,15),(597,15),(598,15),(599,15),(600,15),(603,15),(604,15),(606,15),(609,15),(614,15),(615,15),(616,15),(618,15),(627,15),(628,15),(630,15),(637,15),(638,15),(639,15),(642,15),(643,15),(644,15),(645,15),(646,15),(647,15),(648,15),(649,15),(650,15),(653,15),(654,15),(656,15),(657,15),(660,15),(665,15),(668,15),(670,15),(678,15),(679,15),(683,15),(684,15),(685,15),(686,15),(687,15),(688,15),(689,15),(690,15),(691,15),(706,15),(707,15),(708,15),(716,15),(717,15),(718,15),(719,15),(720,15),(721,15),(722,15),(723,15),(724,15),(725,15),(726,15),(727,15),(728,15),(729,15),(730,15),(731,15),(732,15),(733,15),(734,15),(735,15),(736,15),(737,15),(738,15),(739,15),(740,15),(741,15),(742,15),(743,15),(744,15),(745,15),(746,15),(748,15),(749,15),(752,15),(753,15),(754,15),(755,15),(756,15),(757,15),(758,15),(759,15),(760,15),(761,15),(762,15),(763,15),(764,15),(765,15),(766,15),(768,15),(769,15),(770,15),(772,15),(773,15),(774,15),(777,15),(778,15),(779,15),(780,15),(781,15),(782,15),(785,15),(786,15),(787,15),(788,15),(790,15),(791,15),(792,15),(795,15),(796,15),(797,15),(799,15),(800,15),(807,15),(812,15),(815,15),(816,15),(817,15),(822,15),(823,15),(828,15),(829,15),(833,15),(834,15),(835,15),(836,15),(389,16),(390,16),(61,17),(363,17),(364,17),(1,18),(2,18),(7,18),(8,18),(10,18),(80,18),(83,18),(97,18),(104,18),(222,18),(223,18),(273,18),(306,18),(334,18),(335,18),(336,18),(337,18),(338,18),(339,18),(340,18),(341,18),(342,18),(343,18),(344,18),(345,18),(346,18),(347,18),(348,18),(349,18),(350,18),(351,18),(352,18),(353,18),(354,18),(355,18),(356,18),(357,18),(358,18),(359,18),(360,18),(361,18),(362,18),(370,18),(394,18),(395,18),(438,18),(445,18),(507,18),(521,18),(647,18),(649,18),(712,18),(725,18),(738,18),(742,18),(768,18),(777,18),(778,18),(779,18),(783,18),(784,18),(785,18),(786,18),(787,18),(788,18),(789,18),(823,18),(831,18),(124,19),(87,20),(113,20),(114,20),(115,20),(116,20),(118,20),(138,20),(141,20),(299,20),(300,20),(301,20),(302,20),(303,20),(304,20),(305,20),(306,20),(307,20),(308,20),(309,20),(310,20),(311,20),(312,20),(313,20),(314,20),(315,20),(316,20),(317,20),(318,20),(330,20),(365,20),(507,20),(566,20),(777,20),(779,20),(785,20),(786,20),(788,20),(645,21),(646,21),(647,21),(648,21),(649,21),(651,21),(652,21),(653,21),(654,21),(655,21),(656,21),(657,21),(658,21),(659,21),(660,21),(748,21),(749,21),(227,22),(228,22),(230,22),(231,22),(234,22),(236,22),(237,22),(239,22),(240,22),(241,22),(260,23),(261,23),(262,23),(263,23),(289,23),(290,23),(291,23),(294,23),(295,23),(296,23),(297,23),(298,23),(317,23),(328,23),(330,23),(331,23),(332,23),(333,23),(365,23),(368,23),(442,24),(443,24),(39,25),(450,25),(832,25),(82,26),(207,26),(329,26),(336,26),(400,26),(401,26),(402,26),(403,26),(404,26),(405,26),(406,26),(407,26),(408,26),(409,26),(410,26),(411,26),(412,26),(413,26),(414,26),(415,26),(416,26),(417,26),(418,26),(419,26),(420,26),(421,26),(422,26),(423,26),(424,26),(425,26),(426,26),(427,26),(428,26),(429,26),(430,26),(431,26),(601,26),(627,26),(786,26),(788,26),(798,26),(800,26),(18,27),(111,27),(185,27),(186,27),(187,27),(188,27),(189,27),(190,27),(191,27),(192,27),(193,27),(194,27),(195,27),(196,27),(197,27),(198,27),(199,27),(200,27),(201,27),(202,27),(203,27),(204,27),(693,27),(694,27),(695,27),(696,27),(697,27),(698,27),(699,27),(454,28),(455,28),(245,29),(246,29),(247,29),(248,29),(249,29),(250,29),(251,29),(252,29),(254,29),(255,29),(256,29),(257,29),(811,29),(599,30),(600,30),(609,31),(610,31),(614,31),(615,31),(616,31),(618,31),(6,32),(77,32),(172,32),(379,32),(393,32),(394,32),(395,32),(468,32),(528,32),(529,32),(530,32),(531,32),(532,32),(533,32),(534,32),(535,32),(536,32),(538,32),(539,32),(540,32),(541,32),(542,32),(543,32),(544,32),(545,32),(546,32),(547,32),(548,32),(549,32),(550,32),(551,32),(552,32),(553,32),(554,32),(556,32),(557,32),(558,32),(597,32),(742,32),(329,33),(111,34),(173,34),(774,35),(138,36),(147,36),(148,36),(34,37),(503,37),(91,38),(217,38),(792,38),(149,39),(150,39),(151,39),(152,39),(154,39),(155,39),(156,39),(157,39),(158,39),(160,39),(161,39),(162,39),(163,39),(164,39),(165,39),(166,39),(167,39),(168,39),(27,40),(65,40),(611,40),(612,40),(613,40),(617,40),(625,40),(626,40),(631,40),(632,40),(633,40),(634,40),(635,40),(636,40),(637,40),(638,40),(639,40),(640,40),(641,40),(642,40),(643,40),(644,40),(670,40),(803,40),(817,40),(55,41),(56,41),(57,41),(176,41),(177,41),(22,42),(23,42),(24,42),(92,42),(93,42),(94,42),(130,42),(176,42),(177,42),(230,42),(237,42),(314,42),(334,42),(454,42),(507,42),(600,42),(616,42),(749,42),(764,42),(833,42),(438,43),(506,43),(602,43),(603,43),(604,43),(605,43),(606,43),(775,44),(790,45),(791,45),(793,46),(3,47),(12,47),(13,47),(14,47),(15,47),(19,47),(34,47),(36,47),(37,47),(54,47),(60,47),(61,47),(65,47),(66,47),(72,47),(73,47),(74,47),(87,47),(128,47),(129,47),(300,47),(322,47),(329,47),(346,47),(349,47),(371,47),(372,47),(376,47),(377,47),(432,47),(433,47),(446,47),(447,47),(503,47),(522,47),(525,47),(619,47),(621,47),(622,47),(630,47),(647,47),(648,47),(661,47),(662,47),(663,47),(665,47),(667,47),(668,47),(669,47),(670,47),(671,47),(672,47),(673,47),(674,47),(675,47),(707,47),(743,47),(745,47),(816,47),(133,48),(134,48),(136,48),(137,48),(138,48),(139,48),(140,48),(141,48),(142,48),(144,48),(457,48),(436,49),(437,49),(174,50),(175,50),(181,50),(63,51),(92,52),(93,52),(95,52),(826,52),(64,53),(123,53);
/*!40000 ALTER TABLE `information_languages` ENABLE KEYS */;
UNLOCK TABLES;

--
-- Table structure for table `languages`
--

DROP TABLE IF EXISTS `languages`;
/*!40101 SET @saved_cs_client     = @@character_set_client */;
/*!50503 SET character_set_client = utf8mb4 */;
CREATE TABLE `languages` (
  `Language_id` int NOT NULL AUTO_INCREMENT,
  `Language` varchar(45) DEFAULT NULL,
  PRIMARY KEY (`Language_id`)
) ENGINE=InnoDB AUTO_INCREMENT=54 DEFAULT CHARSET=utf8mb3;
/*!40101 SET character_set_client = @saved_cs_client */;

--
-- Dumping data for table `languages`
--

LOCK TABLES `languages` WRITE;
/*!40000 ALTER TABLE `languages` DISABLE KEYS */;
INSERT INTO `languages` VALUES (1,'Albanian'),(2,'Arabic'),(3,'Armenian'),(4,'Azerbaijani'),(5,'Belarusian'),(6,'Bosnian'),(7,'Bulgarian'),(8,'Burmese'),(9,'Cantonese'),(10,'Catalan'),(11,'Croatian'),(12,'Czech'),(13,'Danish'),(14,'Dutch'),(15,'English'),(16,'Estonian'),(17,'Finnish'),(18,'French'),(19,'Georgian'),(20,'German'),(21,'Greek'),(22,'Hebrew'),(23,'Hungarian'),(24,'Icelandic'),(25,'Indonesian'),(26,'Italian'),(27,'Japanese'),(28,'Kazakh'),(29,'Korean'),(30,'Latvian'),(31,'Lithuanian'),(32,'Mandarin'),(33,'Mauritian Creole'),(34,'Mongolian'),(35,'Nepali'),(36,'Norwegian'),(37,'Papiamento'),(38,'Persian'),(39,'Polish'),(40,'Portuguese'),(41,'Romanian'),(42,'Russian'),(43,'Serbian'),(44,'Setswana'),(45,'Slovene'),(46,'Slovenia'),(47,'Spanish'),(48,'Swedish'),(49,'Thai'),(50,'Turkish'),(51,'Turkmen'),(52,'Ukrainian'),(53,'Vietnamese');
/*!40000 ALTER TABLE `languages` ENABLE KEYS */;
UNLOCK TABLES;
/*!40103 SET TIME_ZONE=@OLD_TIME_ZONE */;

/*!40101 SET SQL_MODE=@OLD_SQL_MODE */;
/*!40014 SET FOREIGN_KEY_CHECKS=@OLD_FOREIGN_KEY_CHECKS */;
/*!40014 SET UNIQUE_CHECKS=@OLD_UNIQUE_CHECKS */;
/*!40101 SET CHARACTER_SET_CLIENT=@OLD_CHARACTER_SET_CLIENT */;
/*!40101 SET CHARACTER_SET_RESULTS=@OLD_CHARACTER_SET_RESULTS */;
/*!40101 SET COLLATION_CONNECTION=@OLD_COLLATION_CONNECTION */;
/*!40111 SET SQL_NOTES=@OLD_SQL_NOTES */;

-- Dump completed on 2025-04-18 12:50:16
